{
  "metadata": {
    "formatVersion": 3
  },
  "materials": [
    {
      "DbgColor": 15658734,
      "DbgIndex": 0,
      "DbgName": "LEDMaterial",
      "colorDiffuse": [
        0.7,
        0.7,
        0.7
      ],
      "colorSpecular": [
        0.401201,
        0.401201,
        0.401201
      ],
      "shading": "Lambert",
      "specularCoef": 50,
      "opacity": 1.0,
      "vertexColors": false
    }
  ],
  "normals": [],
  "colors": [],
  "uvs": [],
  "vertices": [
    0.0116412,
    0.0265999,
    0.0366955,
    -0.0116412,
    0.0265999,
    0.0366955,
    0.0152554,
    0.0218632,
    0.0363648,
    -0.0152554,
    0.0218632,
    0.0363648,
    0.0201309,
    0.0187384,
    0.0349243,
    -0.0201309,
    0.0187384,
    0.0349243,
    0.0255253,
    0.0177015,
    0.0325931,
    -0.0255253,
    0.0177015,
    0.0325931,
    0.0306174,
    0.0189101,
    0.0297263,
    -0.0306174,
    0.0189101,
    0.0297263,
    0.034632,
    0.0221804,
    0.0267603,
    -0.034632,
    0.0221804,
    0.0267603,
    0.0369579,
    0.0270145,
    0.0241466,
    -0.0369579,
    0.0270145,
    0.0241466,
    0.037241,
    0.0326763,
    0.0222832,
    -0.037241,
    0.0326763,
    0.0222832,
    0.0354382,
    0.038304,
    0.0214537,
    -0.0354382,
    0.038304,
    0.0214537,
    0.0318239,
    0.0430408,
    0.0217844,
    -0.0318239,
    0.0430408,
    0.0217844,
    0.0269485,
    0.0461655,
    0.023225,
    -0.0269485,
    0.0461655,
    0.023225,
    0.0215541,
    0.0472024,
    0.0255561,
    -0.0215541,
    0.0472024,
    0.0255561,
    0.016462,
    0.0459938,
    0.0284229,
    -0.016462,
    0.0459938,
    0.0284229,
    0.0124474,
    0.0427235,
    0.0313889,
    -0.0124474,
    0.0427235,
    0.0313889,
    0.0101215,
    0.0378894,
    0.0340026,
    -0.0101215,
    0.0378894,
    0.0340026,
    0.0098384,
    0.0322276,
    0.035866,
    -0.0098384,
    0.0322276,
    0.035866,
    0.0174415,
    0.0294527,
    0.0329804,
    -0.0174415,
    0.0294527,
    0.0329804,
    0.0192939,
    0.0270251,
    0.032811,
    -0.0192939,
    0.0270251,
    0.032811,
    0.0217926,
    0.0254236,
    0.0320726,
    -0.0217926,
    0.0254236,
    0.0320726,
    0.0245573,
    0.0248921,
    0.0308779,
    -0.0245573,
    0.0248921,
    0.0308779,
    0.0271671,
    0.0255116,
    0.0294086,
    -0.0271671,
    0.0255116,
    0.0294086,
    0.0292247,
    0.0271877,
    0.0278885,
    -0.0292247,
    0.0271877,
    0.0278885,
    0.0304167,
    0.0296652,
    0.026549,
    -0.0304167,
    0.0296652,
    0.026549,
    0.0305618,
    0.0325669,
    0.0255939,
    -0.0305618,
    0.0325669,
    0.0255939,
    0.0296378,
    0.0354512,
    0.0251688,
    -0.0296378,
    0.0354512,
    0.0251688,
    0.0277855,
    0.0378789,
    0.0253383,
    -0.0277855,
    0.0378789,
    0.0253383,
    0.0252868,
    0.0394803,
    0.0260766,
    -0.0252868,
    0.0394803,
    0.0260766,
    0.022522,
    0.0400118,
    0.0272713,
    -0.022522,
    0.0400118,
    0.0272713,
    0.0199123,
    0.0393923,
    0.0287406,
    -0.0199123,
    0.0393923,
    0.0287406,
    0.0178547,
    0.0377163,
    0.0302607,
    -0.0178547,
    0.0377163,
    0.0302607,
    0.0166627,
    0.0352387,
    0.0316003,
    -0.0166627,
    0.0352387,
    0.0316003,
    0.0165176,
    0.032337,
    0.0325553,
    -0.0165176,
    0.032337,
    0.0325553
  ],
  "faces": [
    2,
    0,
    32,
    62,
    0,
    2,
    63,
    33,
    1,
    0,
    2,
    0,
    62,
    30,
    0,
    2,
    31,
    63,
    1,
    0,
    2,
    0,
    2,
    34,
    0,
    2,
    35,
    3,
    1,
    0,
    2,
    0,
    34,
    32,
    0,
    2,
    33,
    35,
    1,
    0,
    2,
    2,
    4,
    36,
    0,
    2,
    37,
    5,
    3,
    0,
    2,
    2,
    36,
    34,
    0,
    2,
    35,
    37,
    3,
    0,
    2,
    6,
    8,
    40,
    0,
    2,
    41,
    9,
    7,
    0,
    2,
    6,
    40,
    38,
    0,
    2,
    39,
    41,
    7,
    0,
    2,
    8,
    10,
    42,
    0,
    2,
    43,
    11,
    9,
    0,
    2,
    8,
    42,
    40,
    0,
    2,
    41,
    43,
    9,
    0,
    2,
    10,
    12,
    44,
    0,
    2,
    45,
    13,
    11,
    0,
    2,
    10,
    44,
    42,
    0,
    2,
    43,
    45,
    11,
    0,
    2,
    14,
    16,
    48,
    0,
    2,
    49,
    17,
    15,
    0,
    2,
    14,
    48,
    46,
    0,
    2,
    47,
    49,
    15,
    0,
    2,
    16,
    18,
    50,
    0,
    2,
    51,
    19,
    17,
    0,
    2,
    16,
    50,
    48,
    0,
    2,
    49,
    51,
    17,
    0,
    2,
    18,
    20,
    52,
    0,
    2,
    53,
    21,
    19,
    0,
    2,
    18,
    52,
    50,
    0,
    2,
    51,
    53,
    19,
    0,
    2,
    22,
    24,
    56,
    0,
    2,
    57,
    25,
    23,
    0,
    2,
    22,
    56,
    54,
    0,
    2,
    55,
    57,
    23,
    0,
    2,
    24,
    26,
    58,
    0,
    2,
    59,
    27,
    25,
    0,
    2,
    24,
    58,
    56,
    0,
    2,
    57,
    59,
    25,
    0,
    2,
    26,
    28,
    60,
    0,
    2,
    61,
    29,
    27,
    0,
    2,
    26,
    60,
    58,
    0,
    2,
    59,
    61,
    27,
    0,
    2,
    28,
    30,
    62,
    0,
    2,
    63,
    31,
    29,
    0,
    2,
    28,
    62,
    60,
    0,
    2,
    61,
    63,
    29,
    0,
    2,
    4,
    6,
    38,
    0,
    2,
    39,
    7,
    5,
    0,
    2,
    4,
    38,
    36,
    0,
    2,
    37,
    39,
    5,
    0,
    2,
    12,
    14,
    46,
    0,
    2,
    47,
    15,
    13,
    0,
    2,
    12,
    46,
    44,
    0,
    2,
    45,
    47,
    13,
    0,
    2,
    20,
    22,
    54,
    0,
    2,
    55,
    23,
    21,
    0,
    2,
    20,
    54,
    52,
    0,
    2,
    53,
    55,
    21,
    0
  ]
}
