{
  "metadata": {
    "formatVersion": 3
  },
  "materials": [
    {
      "DbgColor": 15658734,
      "DbgIndex": 0,
      "DbgName": "LEDMaterial",
      "colorDiffuse": [
        0.7,
        0.7,
        0.7
      ],
      "colorSpecular": [
        0.401201,
        0.401201,
        0.401201
      ],
      "shading": "Lambert",
      "specularCoef": 50,
      "opacity": 1.0,
      "vertexColors": false
    }
  ],
  "normals": [],
  "colors": [],
  "uvs": [],
  "vertices": [
    0,
    0.0488546,
    0.0285779,
    0,
    0.057406,
    0.0180599,
    0.0070464,
    0.0573781,
    0.01728,
    -0.0070464,
    0.0573781,
    0.01728,
    0.0083894,
    0.0559858,
    0.019199,
    -0.0083894,
    0.0559858,
    0.019199,
    0.008978,
    0.0540208,
    0.0218855,
    -0.008978,
    0.0540208,
    0.0218855,
    0.0049843,
    0.051013,
    0.0258813,
    -0.0049843,
    0.051013,
    0.0258813
  ],
  "faces": [
    2,
    0,
    8,
    1,
    0,
    2,
    9,
    0,
    1,
    0,
    2,
    1,
    8,
    6,
    0,
    2,
    7,
    9,
    1,
    0,
    2,
    1,
    6,
    4,
    0,
    2,
    5,
    7,
    1,
    0,
    2,
    1,
    4,
    2,
    0,
    2,
    3,
    5,
    1,
    0
  ]
}
