{
  "metadata": {
    "formatVersion": 3
  },
  "materials": [
    {
      "DbgColor": 15658734,
      "DbgIndex": 0,
      "DbgName": "Metal",
      "colorDiffuse": [
        0.7,
        0.7,
        0.7
      ],
      "colorSpecular": [
        0.168737,
        0.168737,
        0.168737
      ],
      "shading": "Lambert",
      "specularCoef": 50,
      "opacity": 1.0,
      "vertexColors": false
    }
  ],
  "normals": [],
  "colors": [],
  "uvs": [],
  "vertices": [
    0.0208742,
    0.0089758,
    0.0084754,
    0.0208741,
    0.0005642,
    0.0119739,
    0.0208742,
    -0.0079164,
    0.0084754,
    0.0208744,
    -0.0114149,
    2.93e-05,
    0.0208747,
    -0.0079164,
    -0.0084168,
    0.0208748,
    0.0005642,
    -0.0119153,
    0.0208747,
    0.0089758,
    -0.0084168,
    0.0208744,
    0.0124743,
    2.93e-05,
    0.0190454,
    0.0089758,
    0.0084754,
    0.0190453,
    0.0005642,
    0.0119739,
    0.0190454,
    -0.0079164,
    0.0084754,
    0.0190457,
    -0.0114149,
    2.93e-05,
    0.019046,
    -0.0079164,
    -0.0084169,
    0.0190461,
    0.0005642,
    -0.0119153,
    0.019046,
    0.0089758,
    -0.0084168,
    0.0190457,
    0.0124743,
    2.93e-05,
    0.0221934,
    -0.0308684,
    -0.0108051,
    0.0221927,
    -0.0308684,
    0.011001,
    0.0208741,
    -0.0294766,
    0.011001,
    0.0208748,
    -0.0294766,
    -0.0108052,
    0.0208748,
    0.0005642,
    -0.0108052,
    0.0208741,
    0.0005642,
    0.011001,
    0.0221927,
    0.0005642,
    0.011001,
    0.0221934,
    0.0005642,
    -0.0108051,
    -0.0087984,
    -0.0327532,
    2.38e-05,
    -0.0062282,
    -0.0327532,
    -0.0061801,
    -2.38e-05,
    -0.0327532,
    -0.0087497,
    0.0061804,
    -0.0327532,
    -0.0061797,
    0.0087501,
    -0.0327532,
    2.44e-05,
    0.00618,
    -0.0327532,
    0.0062283,
    -2.44e-05,
    -0.0327532,
    0.0087979,
    -0.0062287,
    -0.0327532,
    0.0062279,
    -0.0087984,
    -0.0308684,
    2.38e-05,
    -0.0062282,
    -0.0308684,
    -0.0061801,
    -2.38e-05,
    -0.0308684,
    -0.0087497,
    0.0061804,
    -0.0308684,
    -0.0061797,
    0.0087501,
    -0.0308684,
    2.44e-05,
    0.00618,
    -0.0308684,
    0.0062283,
    -2.44e-05,
    -0.0308684,
    0.0087979,
    -0.0062287,
    -0.0308684,
    0.0062279,
    0.0225672,
    0.0047428,
    2.94e-05,
    0.0225673,
    0.0035099,
    -0.002947,
    0.0225674,
    0.0005528,
    -0.0041799,
    0.0225673,
    -0.0024429,
    -0.002947,
    0.0225672,
    -0.0036757,
    2.94e-05,
    0.0225671,
    -0.0024429,
    0.0030058,
    0.0225671,
    0.0005528,
    0.0042386,
    0.0225671,
    0.0035099,
    0.0030058,
    -0.0225672,
    0.0035099,
    0.003005,
    -0.0225672,
    0.0005528,
    0.0042379,
    -0.0225672,
    -0.0024429,
    0.003005,
    -0.0225672,
    -0.0036757,
    2.86e-05,
    -0.0225672,
    -0.0024429,
    -0.0029478,
    -0.0225672,
    0.0005528,
    -0.0041806,
    -0.0225672,
    0.0035099,
    -0.0029478,
    -0.0225672,
    0.0047428,
    2.86e-05,
    -0.0190457,
    0.0124743,
    2.86e-05,
    -0.0190457,
    0.0089758,
    -0.0084175,
    -0.0190457,
    0.0005642,
    -0.011916,
    -0.0190457,
    -0.0079164,
    -0.0084175,
    -0.0190457,
    -0.0114149,
    2.86e-05,
    -0.0190457,
    -0.0079164,
    0.0084747,
    -0.0190457,
    0.0005642,
    0.0119732,
    -0.0190457,
    0.0089758,
    0.0084747,
    -0.0208745,
    0.0124743,
    2.86e-05,
    -0.0208744,
    0.0089758,
    -0.0084175,
    -0.0208744,
    0.0005642,
    -0.011916,
    -0.0208744,
    -0.0079164,
    -0.0084175,
    -0.0208745,
    -0.0114149,
    2.86e-05,
    -0.0208745,
    -0.0079164,
    0.0084747,
    -0.0208745,
    0.0005642,
    0.0119732,
    -0.0208745,
    0.0089758,
    0.0084747,
    -0.022193,
    0.0005642,
    -0.0108059,
    -0.022193,
    0.0005642,
    0.0110002,
    -0.0208745,
    0.0005642,
    0.0110002,
    -0.0208744,
    0.0005642,
    -0.0108059,
    -0.0208744,
    -0.0294766,
    -0.0108059,
    -0.0208745,
    -0.0294766,
    0.0110002,
    -0.022193,
    -0.0308684,
    0.0110002,
    -0.022193,
    -0.0308684,
    -0.0108059
  ],