{
    "ball": {
        "file": "ball_017_mesh.fbx",
        "position": [
            0.03066511462076598,
            -0.02602125382330601
        ],
        "radius": 0.075,
        "rotation": [
            4.688837398332323,
            0.538442103860206,
            4.178568665602769
        ],
        "roughness": 0.13552662630359588
    },
    "camera": {
        "height": 1.0,
        "lens": {
            "focal_length": 10.5,
            "fov": 1.776926875114441,
            "sensor_height": 18.0,
            "sensor_width": 32.0,
            "type": "FISHEYE"
        },
        "rotation": [
            [
                -0.6651657819747925,
                -0.7370734214782715,
                0.11948926746845245
            ],
            [
                0.745073139667511,
                -0.6446231007575989,
                0.17125330865383148
            ],
            [
                -0.049200721085071564,
                0.2029401808977127,
                0.9779543280601501
            ]
        ]
    },
    "environment": {
        "file": "museumplein_16k.hdr",
        "strength": 2.472416639328003
    }
}