{
    "ball": {
        "file": "ball_010_mesh.fbx",
        "position": [
            3.8386613314104143,
            -4.124796713833967
        ],
        "radius": 0.075,
        "rotation": [
            5.4412837003475785,
            5.309874489421541,
            4.206803420838288
        ],
        "roughness": 0.1286155480444392
    },
    "camera": {
        "height": 0.91,
        "lens": {
            "focal_length": 10.5,
            "fov": 3.0633673667907715,
            "sensor_height": 18.0,
            "sensor_width": 32.0,
            "type": "FISHEYE"
        },
        "rotation": [
            [
                -0.8547981977462769,
                -0.06082119792699814,
                -0.5153845548629761
            ],
            [
                -0.48002326488494873,
                -0.2847566306591034,
                0.8297540545463562
            ],
            [
                -0.19722574949264526,
                0.9566687941551208,
                0.2142135500907898
            ]
        ]
    },
    "environment": {
        "file": "016.hdr",
        "strength": 1.7475541830062866
    }
}