{
    "ball": {
        "file": "ball_112_mesh.fbx",
        "position": [
            1.2756565596143996,
            2.975894325563687
        ],
        "radius": 0.075,
        "rotation": [
            0.5027269630380946,
            3.9777100384515593,
            0.5936078896854119
        ],
        "roughness": 0.06827775079721306
    },
    "camera": {
        "height": 0.85,
        "lens": {
            "fov": 0.880783200263977,
            "type": "PERSPECTIVE"
        },
        "rotation": [
            [
                0.8889936804771423,
                0.10259073972702026,
                -0.44627946615219116
            ],
            [
                -0.4573882222175598,
                0.24586960673332214,
                -0.8546016812324524
            ],
            [
                0.022052375599741936,
                0.963858425617218,
                0.2655002772808075
            ]
        ]
    },
    "environment": {
        "file": "007.hdr",
        "strength": 1.250125527381897
    }
}