{
    "ball": {
        "file": "ball_034_mesh.fbx",
        "position": [
            -0.9695477271330192,
            -1.3911738971770224
        ],
        "radius": 0.075,
        "rotation": [
            3.9868577140527495,
            5.943015583611289,
            2.951299748311407
        ],
        "roughness": 0.09294065038894454
    },
    "camera": {
        "height": 0.9,
        "lens": {
            "focal_length": 10.5,
            "fov": 1.5928618907928467,
            "sensor_height": 18.0,
            "sensor_width": 32.0,
            "type": "FISHEYE"
        },
        "rotation": [
            [
                -0.945476770401001,
                0.10330437868833542,
                0.3088715672492981
            ],
            [
                0.2238309681415558,
                -0.4828053116798401,
                0.8466395735740662
            ],
            [
                0.23658646643161774,
                0.8696132898330688,
                0.43335866928100586
            ]
        ]
    },
    "environment": {
        "file": "008.hdr",
        "strength": 1.3049653768539429
    }
}