{
    "ball": {
        "file": "ball_100_mesh.fbx",
        "position": [
            3.550744437267393,
            -2.2295951521317345
        ],
        "radius": 0.075,
        "rotation": [
            5.429414920799989,
            2.0962033318203077,
            3.5641790968323726
        ],
        "roughness": 0.05255410388393505
    },
    "camera": {
        "height": 1.15,
        "lens": {
            "focal_length": 10.5,
            "fov": 2.4791200160980225,
            "sensor_height": 18.0,
            "sensor_width": 32.0,
            "type": "FISHEYE"
        },
        "rotation": [
            [
                -0.5185535550117493,
                0.2672562003135681,
                -0.8122047185897827
            ],
            [
                -0.8546555638313293,
                -0.13332399725914001,
                0.5017857551574707
            ],
            [
                0.025819044560194016,
                0.954357922077179,
                0.2975473701953888
            ]
        ]
    },
    "environment": {
        "file": "013.hdr",
        "strength": 1.6340028047561646
    }
}