{
    "ball": {
        "file": "ball_107_mesh.fbx",
        "position": [
            -0.4148847950097866,
            -1.6744358460823878
        ],
        "radius": 0.075,
        "rotation": [
            2.48174358513037,
            3.8675346281649436,
            3.9162632421830756
        ],
        "roughness": 0.08076650832825374
    },
    "camera": {
        "height": 1.05,
        "lens": {
            "focal_length": 10.5,
            "fov": 2.4244916439056396,
            "sensor_height": 18.0,
            "sensor_width": 32.0,
            "type": "FISHEYE"
        },
        "rotation": [
            [
                -0.7326829433441162,
                -0.471363365650177,
                0.49090975522994995
            ],
            [
                0.6359978914260864,
                -0.21747276186943054,
                0.7404137253761292
            ],
            [
                -0.24224437773227692,
                0.8547061085700989,
                0.4591248035430908
            ]
        ]
    },
    "environment": {
        "file": "004.hdr",
        "strength": 1.8515498638153076
    }
}