{
    "ball": {
        "file": "ball_106_mesh.fbx",
        "position": [
            2.7218508590375436,
            -2.997396654356416
        ],
        "radius": 0.075,
        "rotation": [
            5.542978584749084,
            3.851264015615777,
            0.6048678696397222
        ],
        "roughness": 0.07182654897605009
    },
    "camera": {
        "height": 0.8,
        "lens": {
            "fov": 1.277756690979004,
            "type": "PERSPECTIVE"
        },
        "rotation": [
            [
                0.4357254207134247,
                0.5039237141609192,
                -0.745790958404541
            ],
            [
                -0.3527810871601105,
                0.8579013347625732,
                0.3735646903514862
            ],
            [
                0.8280631303787231,
                0.10032930970191956,
                0.5515843629837036
            ]
        ]
    },
    "environment": {
        "file": "011.hdr",
        "strength": 1.9207607507705688
    }
}