{
    "ball": {
        "file": "ball_019_mesh.fbx",
        "position": [
            -0.37926775401521856,
            -0.4937423511091835
        ],
        "radius": 0.075,
        "rotation": [
            2.573287624920359,
            0.9412779080106553,
            0.7017255433210188
        ],
        "roughness": 0.12841476800747698
    },
    "camera": {
        "height": 0.8,
        "lens": {
            "focal_length": 10.5,
            "fov": 1.8071831464767456,
            "sensor_height": 18.0,
            "sensor_width": 32.0,
            "type": "FISHEYE"
        },
        "rotation": [
            [
                -0.3904396891593933,
                0.9177950620651245,
                0.07217097282409668
            ],
            [
                -0.7975267767906189,
                -0.37635260820388794,
                0.4714966118335724
            ],
            [
                0.4598991870880127,
                0.12653282284736633,
                0.8789094090461731
            ]
        ]
    },
    "environment": {
        "file": "003.hdr",
        "strength": 1.5452831983566284
    }
}