{
    "ball": {
        "file": "ball_040_mesh.fbx",
        "position": [
            1.0541884498933651,
            -3.008285111134392
        ],
        "radius": 0.075,
        "rotation": [
            1.2469762082334606,
            1.1125759187215223,
            5.925166850980854
        ],
        "roughness": 0.09475563574419363
    },
    "camera": {
        "height": 0.9,
        "lens": {
            "fov": 1.2610548734664917,
            "type": "PERSPECTIVE"
        },
        "rotation": [
            [
                -0.9136015772819519,
                0.19744627177715302,
                -0.35545510053634644
            ],
            [
                -0.3966090679168701,
                -0.24001014232635498,
                0.8860571980476379
            ],
            [
                0.08963588625192642,
                0.9504795074462891,
                0.29758208990097046
            ]
        ]
    },
    "environment": {
        "file": "008.hdr",
        "strength": 1.4901916980743408
    }
}