{
    "ball": {
        "file": "ball_030_mesh.fbx",
        "position": [
            0.0025319833125072885,
            -1.7205228889443578
        ],
        "radius": 0.075,
        "rotation": [
            3.535500294004194,
            3.7661100320146224,
            3.251151473557791
        ],
        "roughness": 0.13460950836780997
    },
    "camera": {
        "height": 1.18,
        "lens": {
            "focal_length": 10.5,
            "fov": 2.4393317699432373,
            "sensor_height": 18.0,
            "sensor_width": 32.0,
            "type": "FISHEYE"
        },
        "rotation": [
            [
                0.6275789141654968,
                0.7516352534294128,
                -0.20295117795467377
            ],
            [
                -0.591263473033905,
                0.6297206282615662,
                0.5038446187973022
            ],
            [
                0.5065098404884338,
                -0.1962047517299652,
                0.8396139144897461
            ]
        ]
    },
    "environment": {
        "file": "014.hdr",
        "strength": 1.8908617496490479
    }
}