{
    "ball": {
        "file": "ball_058_mesh.fbx",
        "position": [
            -0.1772163166648641,
            0.7672739675543297
        ],
        "radius": 0.075,
        "rotation": [
            2.2301174760056,
            1.0133319165390389,
            0.8268858793351163
        ],
        "roughness": 0.09024324955277534
    },
    "camera": {
        "height": 1.18,
        "lens": {
            "focal_length": 10.5,
            "fov": 2.719996452331543,
            "sensor_height": 18.0,
            "sensor_width": 32.0,
            "type": "FISHEYE"
        },
        "rotation": [
            [
                0.025178777053952217,
                -0.9357265830039978,
                0.3518264889717102
            ],
            [
                0.9231785535812378,
                -0.11326287686824799,
                -0.3673047423362732
            ],
            [
                0.3835456371307373,
                0.3340471088886261,
                0.8609909415245056
            ]
        ]
    },
    "environment": {
        "file": "014.hdr",
        "strength": 1.4523210525512695
    }
}