{
    "ball": {
        "file": "ball_067_mesh.fbx",
        "position": [
            -0.03511324578729051,
            -0.007236304828853027
        ],
        "radius": 0.075,
        "rotation": [
            4.242900757102275,
            4.719160575961915,
            1.6709053550854338
        ],
        "roughness": 0.14834154508243544
    },
    "camera": {
        "height": 0.85,
        "lens": {
            "focal_length": 10.5,
            "fov": 2.624490976333618,
            "sensor_height": 18.0,
            "sensor_width": 32.0,
            "type": "FISHEYE"
        },
        "rotation": [
            [
                -0.5371590256690979,
                0.8212167620658875,
                -0.19251753389835358
            ],
            [
                -0.8434389233589172,
                -0.5206772685050964,
                0.13231000304222107
            ],
            [
                0.008415709249675274,
                0.23344829678535461,
                0.9723326563835144
            ]
        ]
    },
    "environment": {
        "file": "017.hdr",
        "strength": 0.7484253644943237
    }
}