{
    "ball": {
        "file": "ball_101_mesh.fbx",
        "position": [
            -1.3800607245242815,
            0.2996159756384523
        ],
        "radius": 0.075,
        "rotation": [
            2.3977412076177194,
            1.3775776405790479,
            1.59787828971806
        ],
        "roughness": 0.06011066447878243
    },
    "camera": {
        "height": 1.2,
        "lens": {
            "fov": 1.270637035369873,
            "type": "PERSPECTIVE"
        },
        "rotation": [
            [
                0.1441880166530609,
                0.937675416469574,
                0.3161878287792206
            ],
            [
                -0.9609110951423645,
                0.2089919149875641,
                -0.181583970785141
            ],
            [
                -0.23634754121303558,
                -0.27764594554901123,
                0.9311565160751343
            ]
        ]
    },
    "environment": {
        "file": "001.hdr",
        "strength": 2.6191163063049316
    }
}