{
    "ball": {
        "file": "ball_126_mesh.fbx",
        "position": [
            0.28916754362748087,
            -0.6909325827832397
        ],
        "radius": 0.075,
        "rotation": [
            2.167738301237389,
            2.5339074447221095,
            0.5452708677772278
        ],
        "roughness": 0.13410543338449143
    },
    "camera": {
        "height": 1.0,
        "lens": {
            "fov": 0.9127287268638611,
            "type": "PERSPECTIVE"
        },
        "rotation": [
            [
                -0.26697295904159546,
                0.8831627368927002,
                -0.38568049669265747
            ],
            [
                -0.90047687292099,
                -0.08603613823652267,
                0.4263093173503876
            ],
            [
                0.34331807494163513,
                0.4611094295978546,
                0.818236231803894
            ]
        ]
    },
    "environment": {
        "file": "museumplein_16k.hdr",
        "strength": 2.706690549850464
    }
}