{
    "ball": {
        "file": "ball_110_mesh.fbx",
        "position": [
            -0.4715711969457346,
            -0.4360697664630635
        ],
        "radius": 0.075,
        "rotation": [
            4.648432515539837,
            3.7552503492464635,
            3.4095187353787564
        ],
        "roughness": 0.14073974525512073
    },
    "camera": {
        "height": 0.8,
        "lens": {
            "focal_length": 10.5,
            "fov": 1.802476167678833,
            "sensor_height": 18.0,
            "sensor_width": 32.0,
            "type": "FISHEYE"
        },
        "rotation": [
            [
                0.9058769345283508,
                0.34603631496429443,
                0.24422530829906464
            ],
            [
                -0.36383146047592163,
                0.9309667944908142,
                0.030455613508820534
            ],
            [
                -0.2168269157409668,
                -0.11644582450389862,
                0.9692400097846985
            ]
        ]
    },
    "environment": {
        "file": "011.hdr",
        "strength": 1.529619812965393
    }
}