{
    "ball": {
        "file": "ball_053_mesh.fbx",
        "position": [
            3.1681543667795062,
            -1.273262552644353
        ],
        "radius": 0.075,
        "rotation": [
            2.139945176664569,
            0.5013311265913454,
            1.5010210584557793
        ],
        "roughness": 0.1421956439158423
    },
    "camera": {
        "height": 0.78,
        "lens": {
            "fov": 1.563467264175415,
            "type": "PERSPECTIVE"
        },
        "rotation": [
            [
                0.0339822880923748,
                0.30216744542121887,
                -0.9526490569114685
            ],
            [
                -0.9336748719215393,
                0.34961560368537903,
                0.07758798450231552
            ],
            [
                0.3565056622028351,
                0.8868280649185181,
                0.29400694370269775
            ]
        ]
    },
    "environment": {
        "file": "015.hdr",
        "strength": 1.5142607688903809
    }
}