{
    "ball": {
        "file": "ball_032_mesh.fbx",
        "position": [
            6.540320149183363,
            1.1253954690988948
        ],
        "radius": 0.075,
        "rotation": [
            1.386554895209213,
            1.6905960795950583,
            1.0137938006687102
        ],
        "roughness": 0.10066329961365833
    },
    "camera": {
        "height": 1.07,
        "lens": {
            "fov": 1.530501365661621,
            "type": "PERSPECTIVE"
        },
        "rotation": [
            [
                0.7007954716682434,
                -0.17456664144992828,
                -0.6916736364364624
            ],
            [
                -0.514939546585083,
                0.5472196340560913,
                -0.6598395109176636
            ],
            [
                0.4936832785606384,
                0.8185825943946838,
                0.2935977578163147
            ]
        ]
    },
    "environment": {
        "file": "009.hdr",
        "strength": 0.8351700901985168
    }
}