{
    "ball": {
        "file": "ball_113_mesh.fbx",
        "position": [
            -0.39498495160464275,
            0.9681875616082217
        ],
        "radius": 0.075,
        "rotation": [
            6.189861923760038,
            0.8740295873446311,
            0.30482935857733157
        ],
        "roughness": 0.13084646730708116
    },
    "camera": {
        "height": 1.18,
        "lens": {
            "focal_length": 10.5,
            "fov": 2.153611898422241,
            "sensor_height": 18.0,
            "sensor_width": 32.0,
            "type": "FISHEYE"
        },
        "rotation": [
            [
                0.3600906431674957,
                -0.7561100125312805,
                0.5464731454849243
            ],
            [
                0.890570878982544,
                0.10411890596151352,
                -0.4427679181098938
            ],
            [
                0.2778828740119934,
                0.6461095809936523,
                0.7108613848686218
            ]
        ]
    },
    "environment": {
        "file": "014.hdr",
        "strength": 2.0798933506011963
    }
}