{
    "ball": {
        "file": "ball_016_mesh.fbx",
        "position": [
            0.8427180892419947,
            0.8695024185279313
        ],
        "radius": 0.075,
        "rotation": [
            2.3434097219395276,
            4.445560267253882,
            3.011581590741519
        ],
        "roughness": 0.14424462776513058
    },
    "camera": {
        "height": 1.07,
        "lens": {
            "fov": 1.5218722820281982,
            "type": "PERSPECTIVE"
        },
        "rotation": [
            [
                -0.6695579886436462,
                -0.6902590394020081,
                -0.27429088950157166
            ],
            [
                0.7420815825462341,
                -0.605880081653595,
                -0.2867492735385895
            ],
            [
                0.03174394741654396,
                -0.3955414295196533,
                0.9178997278213501
            ]
        ]
    },
    "environment": {
        "file": "009.hdr",
        "strength": 2.389960527420044
    }
}