{
    "ball": {
        "file": "ball_027_mesh.fbx",
        "position": [
            -1.0016778046226562,
            -0.22210843857334397
        ],
        "radius": 0.075,
        "rotation": [
            1.0716286583900343,
            5.828408098990085,
            2.023733876419207
        ],
        "roughness": 0.06635126668453686
    },
    "camera": {
        "height": 1.2,
        "lens": {
            "fov": 0.8755536675453186,
            "type": "PERSPECTIVE"
        },
        "rotation": [
            [
                0.8822677135467529,
                -0.007010987494140863,
                0.47069570422172546
            ],
            [
                0.0715227872133255,
                0.9902772307395935,
                -0.11931155622005463
            ],
            [
                -0.46528270840644836,
                0.13893017172813416,
                0.874191403388977
            ]
        ]
    },
    "environment": {
        "file": "001.hdr",
        "strength": 0.59351646900177
    }
}