{
    "ball": {
        "file": "ball_025_mesh.fbx",
        "position": [
            0.022998192415719692,
            0.2482838488270407
        ],
        "radius": 0.075,
        "rotation": [
            1.1059596044758673,
            2.9401018673504167,
            2.3686523659648016
        ],
        "roughness": 0.053638060586825964
    },
    "camera": {
        "height": 1.155,
        "lens": {
            "focal_length": 10.5,
            "fov": 2.537311553955078,
            "sensor_height": 18.0,
            "sensor_width": 32.0,
            "type": "FISHEYE"
        },
        "rotation": [
            [
                0.3346286416053772,
                -0.9103233814239502,
                0.24358819425106049
            ],
            [
                0.9315298795700073,
                0.28048455715179443,
                -0.23147620260715485
            ],
            [
                0.14239546656608582,
                0.30436813831329346,
                0.9418512582778931
            ]
        ]
    },
    "environment": {
        "file": "sunset_fairway_16k.hdr",
        "strength": 1.5987454652786255
    }
}