{
    "ball": {
        "file": "ball_111_mesh.fbx",
        "position": [
            0.07535570931472729,
            -1.445161974201524
        ],
        "radius": 0.075,
        "rotation": [
            6.062463619415221,
            2.4140997837929037,
            3.3297686645515046
        ],
        "roughness": 0.12120400540907274
    },
    "camera": {
        "height": 0.78,
        "lens": {
            "focal_length": 10.5,
            "fov": 2.686292886734009,
            "sensor_height": 18.0,
            "sensor_width": 32.0,
            "type": "FISHEYE"
        },
        "rotation": [
            [
                -0.4426932632923126,
                -0.8589024543762207,
                0.25750595331192017
            ],
            [
                0.644790530204773,
                -0.10536261647939682,
                0.7570624947547913
            ],
            [
                -0.6231113076210022,
                0.501183807849884,
                0.6004553437232971
            ]
        ]
    },
    "environment": {
        "file": "015.hdr",
        "strength": 1.86820650100708
    }
}