{
    "ball": {
        "file": "ball_134_mesh.fbx",
        "position": [
            2.113440435876519,
            -1.4755725408167564
        ],
        "radius": 0.075,
        "rotation": [
            5.563755276501793,
            0.19864599200460342,
            1.0931215888171208
        ],
        "roughness": 0.12028122672874544
    },
    "camera": {
        "height": 1.15,
        "lens": {
            "fov": 1.1474812030792236,
            "type": "PERSPECTIVE"
        },
        "rotation": [
            [
                -0.7844887971878052,
                0.0858825147151947,
                -0.6141676306724548
            ],
            [
                -0.5784546732902527,
                -0.45832252502441406,
                0.6747822761535645
            ],
            [
                -0.22353483736515045,
                0.8846270442008972,
                0.4092279076576233
            ]
        ]
    },
    "environment": {
        "file": "013.hdr",
        "strength": 0.5730581879615784
    }
}