{
    "ball": {
        "file": "ball_102_mesh.fbx",
        "position": [
            0.10358607834415623,
            3.957956960384156
        ],
        "radius": 0.075,
        "rotation": [
            5.923393727816969,
            5.093685598659931,
            5.666679791454958
        ],
        "roughness": 0.10160705855455598
    },
    "camera": {
        "height": 1.04,
        "lens": {
            "focal_length": 10.5,
            "fov": 1.869099736213684,
            "sensor_height": 18.0,
            "sensor_width": 32.0,
            "type": "FISHEYE"
        },
        "rotation": [
            [
                0.10812336206436157,
                0.8961434364318848,
                -0.43039071559906006
            ],
            [
                -0.6184680461883545,
                -0.27831631898880005,
                -0.7348722815513611
            ],
            [
                -0.778335690498352,
                0.3456398546695709,
                0.5241435766220093
            ]
        ]
    },
    "environment": {
        "file": "010.hdr",
        "strength": 0.6047196984291077
    }
}