{
    "ball": {
        "file": "ball_058_mesh.fbx",
        "position": [
            0.17254878745604335,
            0.27849707335774393
        ],
        "radius": 0.075,
        "rotation": [
            3.6111396426105853,
            3.39981242456164,
            0.15930117988159004
        ],
        "roughness": 0.11910930237527005
    },
    "camera": {
        "height": 0.85,
        "lens": {
            "fov": 1.477803111076355,
            "type": "PERSPECTIVE"
        },
        "rotation": [
            [
                0.5180715322494507,
                0.7163851261138916,
                -0.4673271179199219
            ],
            [
                -0.851813793182373,
                0.3825782239437103,
                -0.3578372001647949
            ],
            [
                -0.07756002247333527,
                0.5834608674049377,
                0.8084293007850647
            ]
        ]
    },
    "environment": {
        "file": "017.hdr",
        "strength": 2.628892421722412
    }
}