{
    "ball": {
        "file": "ball_015_mesh.fbx",
        "position": [
            -0.01249112734700536,
            0.7901524768854662
        ],
        "radius": 0.075,
        "rotation": [
            4.597778134979161,
            6.246908504613949,
            6.220783570997508
        ],
        "roughness": 0.1236036578228837
    },
    "camera": {
        "height": 0.85,
        "lens": {
            "fov": 1.340786099433899,
            "type": "PERSPECTIVE"
        },
        "rotation": [
            [
                0.6956421136856079,
                0.6186954975128174,
                -0.3651003837585449
            ],
            [
                -0.6690024733543396,
                0.3727380335330963,
                -0.6430414915084839
            ],
            [
                -0.26175984740257263,
                0.6915795803070068,
                0.6732009053230286
            ]
        ]
    },
    "environment": {
        "file": "007.hdr",
        "strength": 0.5627439618110657
    }
}