{
    "ball": {
        "file": "ball_055_mesh.fbx",
        "position": [
            1.237768381643902,
            5.497957097495909
        ],
        "radius": 0.075,
        "rotation": [
            3.2379401534749586,
            3.90842496613914,
            3.6480149188389603
        ],
        "roughness": 0.07055239604586286
    },
    "camera": {
        "height": 1.07,
        "lens": {
            "fov": 1.2419337034225464,
            "type": "PERSPECTIVE"
        },
        "rotation": [
            [
                0.9675053358078003,
                -0.238296777009964,
                -0.08454761654138565
            ],
            [
                -0.008468898013234138,
                0.3036494553089142,
                -0.9527463912963867
            ],
            [
                0.2527092695236206,
                0.9225032329559326,
                0.2917642593383789
            ]
        ]
    },
    "environment": {
        "file": "009.hdr",
        "strength": 2.7649502754211426
    }
}