{
    "ball": {
        "file": "ball_051_mesh.fbx",
        "position": [
            0.04947678469646747,
            1.661621315576975
        ],
        "radius": 0.075,
        "rotation": [
            2.5908265155646966,
            3.290539272092665,
            3.8827536592532383
        ],
        "roughness": 0.10163837149602645
    },
    "camera": {
        "height": 0.91,
        "lens": {
            "fov": 1.167962908744812,
            "type": "PERSPECTIVE"
        },
        "rotation": [
            [
                -0.9348405599594116,
                0.33986201882362366,
                -0.10279230028390884
            ],
            [
                -0.23912008106708527,
                -0.8166181445121765,
                -0.5253147482872009
            ],
            [
                -0.26247668266296387,
                -0.4665059447288513,
                0.8446760773658752
            ]
        ]
    },
    "environment": {
        "file": "016.hdr",
        "strength": 0.9172408580780029
    }
}