{
    "ball": {
        "file": "ball_015_mesh.fbx",
        "position": [
            -4.025741462169702,
            -4.74294783164429
        ],
        "radius": 0.075,
        "rotation": [
            4.642004131247348,
            4.909539161845654,
            6.223881124529026
        ],
        "roughness": 0.12736478744241353
    },
    "camera": {
        "height": 1.2,
        "lens": {
            "fov": 1.5689725875854492,
            "type": "PERSPECTIVE"
        },
        "rotation": [
            [
                -0.1723095327615738,
                -0.5016816258430481,
                0.8477174639701843
            ],
            [
                0.8034505248069763,
                0.4263107478618622,
                0.41560351848602295
            ],
            [
                -0.5698919892311096,
                0.7527114152908325,
                0.3296188414096832
            ]
        ]
    },
    "environment": {
        "file": "dry_field_16k.hdr",
        "strength": 0.8867407441139221
    }
}