{
    "ball": {
        "file": "ball_134_mesh.fbx",
        "position": [
            -0.3393470558662275,
            1.0451583889065332
        ],
        "radius": 0.075,
        "rotation": [
            1.1498511265610647,
            5.027389147074085,
            4.303434808746178
        ],
        "roughness": 0.1273473799152281
    },
    "camera": {
        "height": 0.79,
        "lens": {
            "focal_length": 10.5,
            "fov": 2.2927653789520264,
            "sensor_height": 18.0,
            "sensor_width": 32.0,
            "type": "FISHEYE"
        },
        "rotation": [
            [
                0.9120739102363586,
                0.39901918172836304,
                0.094364233314991
            ],
            [
                -0.18950095772743225,
                0.6143051981925964,
                -0.7659754157066345
            ],
            [
                -0.363607257604599,
                0.6807442307472229,
                0.6359063982963562
            ]
        ]
    },
    "environment": {
        "file": "002.hdr",
        "strength": 2.287130832672119
    }
}