{
  "metadata": {
    "formatVersion": 3
  },
  "materials": [
    {
      "DbgColor": 15658734,
      "DbgIndex": 0,
      "DbgName": "ServoMaterial",
      "colorDiffuse": [
        0.14,
        0.14,
        0.14
      ],
      "colorSpecular": [
        0.168737,
        0.168737,
        0.168737
      ],
      "shading": "Lambert",
      "specularCoef": 50,
      "opacity": 1.0,
      "vertexColors": false
    }
  ],
  "normals": [],
  "colors": [],
  "uvs": [],
  "vertices": [
    -0.0180496,
    -0.0121957,
    0.0214751,
    -0.0180517,
    -0.0122,
    -0.0191605,
    0.0175659,
    -0.0122,
    -0.0191618,
    0.017568,
    -0.0121957,
    0.0214738,
    -0.0180515,
    0.0384664,
    -0.014134,
    0.0175662,
    0.0384664,
    -0.0141352,
    0.0175655,
    0.0268706,
    -0.026837,
    0.0175637,
    0.0268669,
    -0.0618523,
    -0.018054,
    0.0268669,
    -0.0618505,
    -0.0180521,
    0.0268706,
    -0.0268352,
    0.0175655,
    -0.006374,
    -0.0268336,
    0.0175637,
    -0.0063777,
    -0.0618488,
    -0.018054,
    -0.0063777,
    -0.061847,
    -0.0180521,
    -0.006374,
    -0.0268317,
    -0.0180496,
    0.0122084,
    0.0214725,
    0.017568,
    0.0122084,
    0.0214713,
    0.0175678,
    0.012208,
    0.0173237,
    -0.0180498,
    0.0122079,
    0.017325,
    -0.0155939,
    0.0384664,
    -0.0141339,
    0.0151016,
    0.0384664,
    -0.0141353,
    0.0151018,
    0.012208,
    0.0173236,
    -0.0155936,
    0.0122079,
    0.017325,
    0.0151015,
    0.0122073,
    0.0113889,
    -0.0155939,
    0.0122073,
    0.0113905,
    -0.0155939,
    0.0324518,
    0.0113884,
    0.0151015,
    0.0324518,
    0.0113868,
    0.0150999,
    0.0324486,
    -0.0190557,
    -0.0155955,
    0.0324487,
    -0.0190543,
    -0.0180517,
    0.0324486,
    -0.0190541,
    0.0175659,
    0.0324486,
    -0.0190558,
    -0.0155936,
    0.0324524,
    0.0173229,
    -0.0180498,
    0.0324524,
    0.0173228,
    0.0175678,
    0.0324525,
    0.0173216,
    0.0151018,
    0.0324525,
    0.0173215,
    -0.0180501,
    0.0384691,
    0.0113879,
    -0.0155937,
    0.0384691,
    0.0113878,
    0.0151018,
    0.0384691,
    0.0113862,
    0.0175675,
    0.0384691,
    0.011386,
    0.0175653,
    0.0268703,
    -0.0296628,
    0.0175638,
    0.0268672,
    -0.0590257,
    -0.0180538,
    0.0268672,
    -0.0590239,
    -0.0180523,
    0.0268703,
    -0.029661,
    0.0175653,
    -0.0063743,
    -0.0296594,
    0.0175638,
    -0.0063774,
    -0.0590223,
    -0.0180538,
    -0.0063774,
    -0.0590204,
    -0.0180523,
    -0.0063743,
    -0.0296575,
    0.0125344,
    0.032694,
    -0.0590261,
    0.0125359,
    0.032697,
    -0.0296632,
    -0.0128584,
    0.032697,
    -0.0296619,
    -0.0128599,
    0.0326939,
    -0.0590248,
    0.0125344,
    -0.0122042,
    -0.0590214,
    0.0125359,
    -0.0122011,
    -0.0296585,
    -0.0128584,
    -0.0122011,
    -0.0296572,
    -0.0128599,
    -0.0122042,
    -0.05902,
    -0.01286,
    -0.0122045,
    -0.0618466,
    -0.0128582,
    -0.0122008,
    -0.0268314,
    -0.01286,
    0.0326937,
    -0.0618513,
    -0.0128582,
    0.0326973,
    -0.0268361,
    0.0125342,
    -0.0122044,
    -0.061848,
    0.0125342,
    0.0326937,
    -0.0618527,
    0.0125361,
    0.0326973,
    -0.0268374,
    0.0125361,
    -0.0122008,
    -0.0268327,
    0.0097484,
    0.00878,
    -0.0157665,
    0.0097476,
    0.0087784,
    -0.0307529,
    0.0097476,
    0.0147392,
    -0.0307535,
    0.0097484,
    0.0147408,
    -0.0157672,
    -0.0100694,
    0.0087799,
    -0.0157655,
    -0.0100702,
    0.0087784,
    -0.0307519,
    -0.0100702,
    0.0147392,
    -0.0307525,
    -0.0100694,
    0.0147407,
    -0.0157661,
    -0.0100694,
    0.0318251,
    -0.0157679,
    -0.0100702,
    0.0318235,
    -0.0307543,
    -0.0100702,
    0.0258627,
    -0.0307536,
    -0.0100694,
    0.0258643,
    -0.0157673,
    0.0097485,
    0.0318251,
    -0.0157689,
    0.0097477,
    0.0318236,
    -0.0307553,
    0.0097477,
    0.0258628,
    -0.0307547,
    0.0097484,
    0.0258644,
    -0.0157683
  ],