{
  "metadata": {
    "formatVersion": 3
  },
  "materials": [
    {
      "DbgColor": 15658734,
      "DbgIndex": 0,
      "DbgName": "ServoMaterial",
      "colorDiffuse": [
        0.14,
        0.14,
        0.14
      ],
      "colorSpecular": [
        0.168737,
        0.168737,
        0.168737
      ],
      "shading": "Lambert",
      "specularCoef": 50,
      "opacity": 1.0,
      "vertexColors": false
    }
  ],
  "normals": [],
  "colors": [],
  "uvs": [],
  "vertices": [
    -0.0180427,
    0.0115768,
    0.0214738,
    -0.0180448,
    0.0115768,
    -0.0191618,
    0.0175728,
    0.0115755,
    -0.019163,
    0.0175749,
    0.0115755,
    0.0214726,
    -0.0180464,
    -0.0390891,
    -0.0141299,
    0.0175713,
    -0.0390904,
    -0.0141311,
    0.017571,
    -0.0274958,
    -0.0268342,
    0.0175692,
    -0.0274958,
    -0.0618495,
    -0.0180484,
    -0.0274946,
    -0.0618476,
    -0.0180466,
    -0.0274946,
    -0.0268323,
    0.0175722,
    0.0057488,
    -0.0268342,
    0.0175704,
    0.0057488,
    -0.0618495,
    -0.0180473,
    0.00575,
    -0.0618476,
    -0.0180455,
    0.00575,
    -0.0268323,
    -0.0180436,
    -0.0128273,
    0.0214738,
    0.0175741,
    -0.0128286,
    0.0214726,
    0.0175739,
    -0.0128286,
    0.017325,
    -0.0180438,
    -0.0128273,
    0.0173263,
    -0.0155888,
    -0.0390892,
    -0.0141298,
    0.0151067,
    -0.0390903,
    -0.0141312,
    0.0151079,
    -0.0128285,
    0.0173249,
    -0.0155876,
    -0.0128274,
    0.0173263,
    0.0151076,
    -0.0128285,
    0.0113902,
    -0.0155879,
    -0.0128274,
    0.0113918,
    -0.0155886,
    -0.0330719,
    0.0113918,
    0.0151069,
    -0.033073,
    0.0113902,
    0.0151053,
    -0.033073,
    -0.0190522,
    -0.0155902,
    -0.0330719,
    -0.0190508,
    -0.0180464,
    -0.0330718,
    -0.0190507,
    0.0175712,
    -0.0330731,
    -0.0190524,
    -0.0155883,
    -0.0330719,
    0.0173263,
    -0.0180445,
    -0.0330718,
    0.0173263,
    0.0175731,
    -0.0330731,
    0.017325,
    0.0151072,
    -0.033073,
    0.0173249,
    -0.018045,
    -0.0390891,
    0.011392,
    -0.0155886,
    -0.0390892,
    0.0113918,
    0.0151069,
    -0.0390903,
    0.0113902,
    0.0175726,
    -0.0390904,
    0.0113901,
    0.0175709,
    -0.0274958,
    -0.02966,
    0.0175693,
    -0.0274958,
    -0.0590229,
    -0.0180483,
    -0.0274946,
    -0.059021,
    -0.0180468,
    -0.0274946,
    -0.0296581,
    0.017572,
    0.0057488,
    -0.02966,
    0.0175705,
    0.0057488,
    -0.0590229,
    -0.0180471,
    0.00575,
    -0.059021,
    -0.0180456,
    0.00575,
    -0.0296581,
    0.0125397,
    -0.0333224,
    -0.0590226,
    0.0125413,
    -0.0333224,
    -0.0296597,
    -0.012853,
    -0.0333215,
    -0.0296584,
    -0.0128546,
    -0.0333215,
    -0.0590213,
    0.0125413,
    0.0115757,
    -0.0590226,
    0.0125428,
    0.0115757,
    -0.0296597,
    -0.0128515,
    0.0115766,
    -0.0296584,
    -0.012853,
    0.0115766,
    -0.0590213,
    -0.0128531,
    0.0115766,
    -0.0618479,
    -0.0128513,
    0.0115766,
    -0.0268326,
    -0.0128547,
    -0.0333215,
    -0.0618479,
    -0.0128529,
    -0.0333215,
    -0.0268326,
    0.0125411,
    0.0115757,
    -0.0618492,
    0.0125396,
    -0.0333224,
    -0.0618492,
    0.0125414,
    -0.0333224,
    -0.0268339,
    0.012543,
    0.0115757,
    -0.0268339,
    0.0097546,
    -0.0094038,
    -0.0157656,
    0.0097538,
    -0.0094038,
    -0.0307519,
    0.0097536,
    -0.0153646,
    -0.0307519,
    0.0097544,
    -0.0153646,
    -0.0157656,
    -0.0100633,
    -0.0094031,
    -0.0157646,
    -0.0100641,
    -0.0094031,
    -0.0307509,
    -0.0100643,
    -0.0153638,
    -0.0307509,
    -0.0100635,
    -0.0153638,
    -0.0157645,
    -0.010064,
    -0.0324482,
    -0.0157645,
    -0.0100648,
    -0.0324482,
    -0.0307509,
    -0.0100646,
    -0.0264874,
    -0.0307509,
    -0.0100638,
    -0.0264874,
    -0.0157646,
    0.0097538,
    -0.032449,
    -0.0157656,
    0.009753,
    -0.032449,
    -0.0307519,
    0.0097532,
    -0.0264882,
    -0.0307519,
    0.009754,
    -0.0264882,
    -0.0157656
  ],