{
  "metadata": {
    "formatVersion": 3
  },
  "materials": [
    {
      "DbgColor": 15658734,
      "DbgIndex": 0,
      "DbgName": "Plastic",
      "colorDiffuse": [
        0.301961,
        0.301961,
        0.301961
      ],
      "colorSpecular": [
        0.401201,
        0.401201,
        0.401201
      ],
      "shading": "Lambert",
      "specularCoef": 50,
      "opacity": 1.0,
      "vertexColors": false
    },
    {
      "DbgColor": 15658734,
      "DbgIndex": 1,
      "DbgName": "ServoMaterial",
      "colorDiffuse": [
        0.14,
        0.14,
        0.14
      ],
      "colorSpecular": [
        0.168737,
        0.168737,
        0.168737
      ],
      "shading": "Lambert",
      "specularCoef": 50,
      "opacity": 1.0,
      "vertexColors": false
    }
  ],
  "normals": [],
  "colors": [],
  "uvs": [],
  "vertices": [
    -0.0148691,
    -0.0550757,
    0.0116409,
    -0.0148698,
    -0.105434,
    0.0116417,
    -0.0148704,
    -0.0550762,
    -0.0137534,
    -0.0148712,
    -0.105434,
    -0.0137526,
    -0.0104674,
    -0.105434,
    -0.0137528,
    -0.0104661,
    -0.105434,
    0.0116415,
    -0.0104666,
    -0.0550762,
    -0.0137536,
    -0.0104653,
    -0.0550758,
    0.0116407,
    -0.0104676,
    -0.0995202,
    -0.0189469,
    -0.0104657,
    -0.0995196,
    0.0166708,
    -0.010467,
    -0.0609905,
    -0.0189474,
    -0.0104651,
    -0.0609898,
    0.0166702,
    -0.0148713,
    -0.0995202,
    -0.0189466,
    -0.0148695,
    -0.0995195,
    0.016671,
    -0.0148708,
    -0.0609904,
    -0.0189472,
    -0.0148689,
    -0.0609898,
    0.0166705,
    0.0103659,
    -0.0609898,
    0.0166687,
    0.010364,
    -0.0609904,
    -0.0189489,
    0.0103653,
    -0.0995195,
    0.0166693,
    0.0103635,
    -0.0995202,
    -0.0189484,
    0.0147697,
    -0.0609898,
    0.0166684,
    0.0147678,
    -0.0609905,
    -0.0189492,
    0.0147691,
    -0.0995196,
    0.016669,
    0.0147672,
    -0.0995202,
    -0.0189486,
    0.0147695,
    -0.0550758,
    0.0116389,
    0.0147682,
    -0.0550762,
    -0.0137554,
    0.0147687,
    -0.105434,
    0.0116397,
    0.0147674,
    -0.105434,
    -0.0137546,
    0.0103636,
    -0.105434,
    -0.0137543,
    0.0103644,
    -0.0550762,
    -0.0137551,
    0.010365,
    -0.105434,
    0.01164,
    0.0103657,
    -0.0550757,
    0.0116392,
    -0.0182104,
    -0.105434,
    -0.0137524,
    -0.0182096,
    -0.0550761,
    -0.0137532,
    -0.018209,
    -0.105434,
    0.0116419,
    -0.0182083,
    -0.0550757,
    0.0116411,
    0.0177641,
    -0.105434,
    -0.0137547,
    0.0177654,
    -0.105434,
    0.0116395,
    0.0177648,
    -0.0550763,
    -0.0137555,
    0.0177662,
    -0.0550758,
    0.0116388,
    -0.0268751,
    -0.104904,
    -0.0082243,
    0.0268672,
    -0.104906,
    -0.0082262,
    -0.0268748,
    -0.107659,
    -0.0007447,
    0.0268673,
    -0.107661,
    -0.0007465,
    -0.0268743,
    -0.105565,
    0.0070048,
    0.0268675,
    -0.105567,
    0.0070029,
    -0.0247106,
    -0.100248,
    0.0112414,
    0.0247044,
    -0.10025,
    0.0112397,
    -0.0207297,
    -0.0798423,
    0.0190452,
    0.0207254,
    -0.0798438,
    0.0190437,
    -0.02072,
    -0.0748139,
    0.0190452,
    0.0207161,
    -0.0748153,
    0.0190437,
    -0.0151325,
    -0.0748141,
    0.0256025,
    0.0151291,
    -0.0748151,
    0.0256014,
    -0.0151427,
    -0.0393888,
    0.0256025,
    0.0151418,
    -0.0393899,
    0.0256014,
    -0.0191718,
    -0.0383058,
    0.0220801,
    0.0191707,
    -0.0383071,
    0.0220788,
    -0.0200855,
    -0.0355728,
    0.0202953,
    0.0200845,
    -0.0355742,
    0.0202939,
    -0.0202365,
    -0.0210316,
    0.0199859,
    0.0202365,
    -0.021033,
    0.0199845,
    -0.0247056,
    0.0037197,
    0.0112427,
    0.0247067,
    0.0037179,
    0.011241,
    -0.0268703,
    0.0088198,
    0.0070048,
    0.0268714,
    0.0088179,
    0.0070029,
    -0.0268705,
    0.0119229,
    0.0021997,
    0.0268715,
    0.011921,
    0.0021978,
    -0.0268708,
    0.0117661,
    -0.0047306,
    0.0268713,
    0.0117642,
    -0.0047325,
    -0.0268712,
    0.0086299,
    -0.0101241,
    0.0268711,
    0.008628,
    -0.010126,
    -0.0268716,
    0.0032585,
    -0.0132302,
    0.0268709,
    0.0032566,
    -0.0132321,
    -0.0268735,
    -0.0529287,
    -0.0120951,
    0.0268689,
    -0.0529305,
    -0.012097,
    -0.0268744,
    -0.0686308,
    -0.0189057,
    0.0268683,
    -0.0686326,
    -0.0189075,
    -0.0268751,
    -0.0998458,
    -0.0124735,
    0.0268673,
    -0.0998477,
    -0.0124753,
    -1.7e-06,
    -0.0748146,
    0.0256017,
    -5e-07,
    -0.0393893,
    0.0256017,
    -0.0191731,
    -0.0748139,
    0.0220801,
    0.0191694,
    -0.0748153,
    0.0220788,
    -0.0182398,
    -0.074814,
    0.021043,
    0.0182361,
    -0.0748153,
    0.0210418,
    -5e-07,
    -0.0393893,
    0.0245647,
    -1.8e-06,
    -0.0748146,
    0.0245647,
    -0.0216722,
    -0.099846,
    -0.0125567,
    0.0216643,
    -0.0998475,
    -0.0125582,
    -0.0216714,
    -0.068631,
    -0.0189889,
    0.0216653,
    -0.0686325,
    -0.0189904,
    -0.0216705,
    -0.0529288,
    -0.0121783,
    0.021666,
    -0.0529304,
    -0.0121798,
    -0.0216686,
    0.0032583,
    -0.0133134,
    0.0216679,
    0.0032568,
    -0.0133149,
    -0.0216682,
    0.0086297,
    -0.0102073,
    0.0216681,
    0.0086282,
    -0.0102089,
    -0.0216679,
    0.0117659,
    -0.0048138,
    0.0216683,
    0.0117644,
    -0.0048153,
    -0.0216675,
    0.0119227,
    0.0021164,
    0.0216685,
    0.0119212,
    0.0021149,
    -0.0182386,
    -0.0383058,
    0.021043,
    0.0182373,
    -0.0383071,
    0.0210418,
    -0.0142095,
    -0.0393888,
    0.0245654,
    0.0142084,
    -0.0393898,
    0.0245644,
    -0.0141993,
    -0.0748141,
    0.0245654,
    0.0141958,
    -0.0748151,
    0.0245644,
    -0.0216718,
    -0.107659,
    -0.0008279,
    0.0216642,
    -0.107661,
    -0.0008294,
    -0.0216721,
    -0.104904,
    -0.0083076,
    0.0216642,
    -0.104906,
    -0.0083091,
    -0.0216713,
    -0.105565,
    0.0070045,
    0.0216645,
    -0.105567,
    0.007003,
    -0.0216673,
    0.0088196,
    0.0070045,
    0.0216684,
    0.0088181,
    0.007003,
    -0.0206426,
    -0.100248,
    0.0112412,
    0.0206364,
    -0.10025,
    0.0112397,
    -0.0187198,
    -0.074814,
    0.0190451,
    0.018716,
    -0.0748153,
    0.0190438,
    -0.0187634,
    -0.0798424,
    0.0190451,
    0.0187592,
    -0.0798437,
    0.0190438,
    -0.0184737,
    -0.0210316,
    0.0199858,
    0.0184737,
    -0.0210329,
    0.0199845,
    -0.0184244,
    -0.0355729,
    0.0202952,
    0.0184234,
    -0.0355742,
    0.0202939,
    -0.0206122,
    0.0037195,
    0.0112425,
    0.0206132,
    0.0037181,
    0.011241
  ],