{
  "metadata": {
    "formatVersion": 3
  },
  "materials": [
    {
      "DbgColor": 15658734,
      "DbgIndex": 0,
      "DbgName": "Metal",
      "colorDiffuse": [
        0.7,
        0.7,
        0.7
      ],
      "colorSpecular": [
        0.168737,
        0.168737,
        0.168737
      ],
      "shading": "Lambert",
      "specularCoef": 50,
      "opacity": 1.0,
      "vertexColors": false
    }
  ],
  "normals": [],
  "colors": [],
  "uvs": [],
  "vertices": [
    0.0025152,
    -0.0272838,
    -0.0201519,
    -0.0063963,
    -0.0253913,
    -0.020152,
    -0.011394,
    -0.0176984,
    -0.0201521,
    -0.009482,
    -0.0087585,
    -0.0201522,
    -0.0018086,
    -0.0037891,
    -0.0201522,
    0.0071596,
    -0.0057208,
    -0.0201521,
    0.0121006,
    -0.0133746,
    -0.020152,
    0.0101886,
    -0.0223144,
    -0.0201519,
    0.0025152,
    -0.0272838,
    -0.017988,
    -0.0063963,
    -0.0253913,
    -0.0179881,
    -0.011394,
    -0.0176983,
    -0.0179883,
    -0.009482,
    -0.0087585,
    -0.0179884,
    -0.0018086,
    -0.0037891,
    -0.0179884,
    0.0071596,
    -0.0057207,
    -0.0179883,
    0.0121006,
    -0.0133746,
    -0.0179882,
    0.0101886,
    -0.0223144,
    -0.0179881,
    -0.0236502,
    0.0108478,
    -0.0217128,
    -0.0236213,
    -0.0109584,
    -0.0217124,
    -0.0221549,
    -0.0109583,
    -0.0201523,
    -0.0222586,
    0.0108478,
    -0.0201526,
    0.0084534,
    -0.0082007,
    -0.0201521,
    -0.0075397,
    -0.0234598,
    -0.020152,
    -0.0075397,
    -0.0234599,
    -0.0217122,
    0.0084534,
    -0.0082007,
    -0.0217123,
    -0.0256226,
    1.39e-05,
    0.0113823,
    -0.0256226,
    0.0080327,
    0.0080607,
    -0.0256224,
    0.011354,
    4.18e-05,
    -0.0256223,
    0.0080324,
    -0.007977,
    -0.0256222,
    1.35e-05,
    -0.0112984,
    -0.0256223,
    -0.0080052,
    -0.0079767,
    -0.0256224,
    -0.0113266,
    4.22e-05,
    -0.0256226,
    -0.008005,
    0.0080609,
    -0.0235638,
    1.39e-05,
    0.0113823,
    -0.0235638,
    0.0080327,
    0.0080607,
    -0.0235636,
    0.011354,
    4.18e-05,
    -0.0235635,
    0.0080324,
    -0.007977,
    -0.0235634,
    1.35e-05,
    -0.0112983,
    -0.0235635,
    -0.0080052,
    -0.0079767,
    -0.0236216,
    -0.0113266,
    4.22e-05,
    -0.0235638,
    -0.008005,
    0.008061,
    0.0038224,
    -0.0179272,
    -0.0221549,
    0.0044962,
    -0.0147768,
    -0.022155,
    0.0027608,
    -0.0120837,
    -0.022155,
    -0.0004054,
    -0.0113989,
    -0.0221551,
    -0.0031095,
    -0.0131501,
    -0.0221551,
    -0.0037833,
    -0.0163005,
    -0.022155,
    -0.0020162,
    -0.0190155,
    -0.022155,
    0.0011183,
    -0.0196784,
    -0.0221549,
    0.0011175,
    -0.0196784,
    0.0221863,
    -0.002017,
    -0.0190155,
    0.0221863,
    -0.0037841,
    -0.0163005,
    0.0221862,
    -0.0031103,
    -0.0131501,
    0.0221863,
    -0.0004062,
    -0.0113989,
    0.0221864,
    0.0027601,
    -0.0120837,
    0.0221865,
    0.0044954,
    -0.0147768,
    0.0221865,
    0.0038216,
    -0.0179272,
    0.0221864,
    0.0084526,
    -0.0082007,
    0.0217439,
    -0.0075404,
    -0.0234599,
    0.0217433,
    -0.0075404,
    -0.0234598,
    0.0201831,
    0.0084527,
    -0.0082007,
    0.0201838,
    -0.0222593,
    0.0108478,
    0.0201832,
    -0.0221556,
    -0.0109583,
    0.0201828,
    -0.023622,
    -0.0109584,
    0.021743,
    -0.023651,
    0.0108478,
    0.0217434,
    0.0101879,
    -0.0223144,
    0.0180198,
    0.0121,
    -0.0133746,
    0.01802,
    0.007159,
    -0.0057207,
    0.0180199,
    -0.0018092,
    -0.0037891,
    0.0180197,
    -0.0094826,
    -0.0087585,
    0.0180194,
    -0.0113947,
    -0.0176983,
    0.0180193,
    -0.0063969,
    -0.0253913,
    0.0180193,
    0.0025145,
    -0.0272838,
    0.0180195,
    0.0101879,
    -0.0223144,
    0.0201836,
    0.0120999,
    -0.0133746,
    0.0201838,
    0.0071589,
    -0.0057208,
    0.0201838,
    -0.0018093,
    -0.0037891,
    0.0201835,
    -0.0094827,
    -0.0087585,
    0.0201833,
    -0.0113947,
    -0.0176984,
    0.0201831,
    -0.006397,
    -0.0253913,
    0.0201831,
    0.0025145,
    -0.0272838,
    0.0201833,
    -0.0202183,
    -0.0109583,
    -0.0201522,
    -0.0202183,
    -0.0109584,
    -0.0217124,
    -0.020219,
    -0.0109584,
    0.021743,
    -0.020219,
    -0.0109583,
    0.0201829,
    -0.0112371,
    0.0108478,
    -0.0201524,
    -0.011237,
    0.0108478,
    -0.0217126,
    -0.0112378,
    0.0108478,
    0.0217436,
    -0.0112378,
    0.0108478,
    0.0201834
  ],