{
  "metadata": {
    "formatVersion": 3
  },
  "materials": [
    {
      "DbgColor": 15658734,
      "DbgIndex": 0,
      "DbgName": "ServoMaterial",
      "colorDiffuse": [
        0.14,
        0.14,
        0.14
      ],
      "colorSpecular": [
        0.168737,
        0.168737,
        0.168737
      ],
      "shading": "Lambert",
      "specularCoef": 50,
      "opacity": 1.0,
      "vertexColors": false
    }
  ],
  "normals": [],
  "colors": [],
  "uvs": [],
  "vertices": [
    0.0180439,
    0.0115761,
    0.0214732,
    0.0180446,
    0.0115761,
    -0.0191624,
    -0.0175731,
    0.0115761,
    -0.0191624,
    -0.0175738,
    0.0115761,
    0.0214732,
    0.0180445,
    -0.0390897,
    -0.0141305,
    -0.0175731,
    -0.0390897,
    -0.0141305,
    -0.0175729,
    -0.0274952,
    -0.0268336,
    -0.0175723,
    -0.0274952,
    -0.0618489,
    0.0180453,
    -0.0274952,
    -0.0618482,
    0.0180447,
    -0.0274952,
    -0.026833,
    -0.0175729,
    0.0057494,
    -0.0268336,
    -0.0175723,
    0.0057494,
    -0.0618489,
    0.0180453,
    0.0057494,
    -0.0618482,
    0.0180447,
    0.0057494,
    -0.026833,
    0.0180439,
    -0.012828,
    0.0214732,
    -0.0175738,
    -0.012828,
    0.0214732,
    -0.0175737,
    -0.012828,
    0.0173256,
    0.0180439,
    -0.012828,
    0.0173256,
    0.0155869,
    -0.0390897,
    -0.0141304,
    -0.0151086,
    -0.0390897,
    -0.0141307,
    -0.0151077,
    -0.012828,
    0.0173255,
    0.0155877,
    -0.012828,
    0.0173258,
    -0.0151076,
    -0.012828,
    0.0113907,
    0.0155878,
    -0.012828,
    0.0113913,
    0.0155878,
    -0.0330725,
    0.0113913,
    -0.0151076,
    -0.0330725,
    0.0113907,
    -0.0151071,
    -0.0330725,
    -0.0190517,
    0.0155884,
    -0.0330725,
    -0.0190514,
    0.0180446,
    -0.0330725,
    -0.0190513,
    -0.0175731,
    -0.0330725,
    -0.0190518,
    0.0155877,
    -0.0330725,
    0.0173258,
    0.0180439,
    -0.0330725,
    0.0173256,
    -0.0175737,
    -0.0330725,
    0.0173256,
    -0.0151077,
    -0.0330725,
    0.0173255,
    0.018044,
    -0.0390897,
    0.0113913,
    0.0155876,
    -0.0390897,
    0.0113913,
    -0.0151079,
    -0.0390897,
    0.0113907,
    -0.0175736,
    -0.0390897,
    0.0113907,
    -0.0175729,
    -0.0274952,
    -0.0296594,
    -0.0175724,
    -0.0274952,
    -0.0590223,
    0.0180453,
    -0.0274952,
    -0.0590216,
    0.0180448,
    -0.0274952,
    -0.0296588,
    -0.0175729,
    0.0057494,
    -0.0296594,
    -0.0175724,
    0.0057494,
    -0.0590223,
    0.0180453,
    0.0057494,
    -0.0590216,
    0.0180448,
    0.0057494,
    -0.0296588,
    -0.0125429,
    -0.033322,
    -0.0590222,
    -0.0125435,
    -0.033322,
    -0.0296593,
    0.0128508,
    -0.033322,
    -0.0296589,
    0.0128513,
    -0.033322,
    -0.0590217,
    -0.0125429,
    0.0115761,
    -0.0590222,
    -0.0125435,
    0.0115761,
    -0.0296593,
    0.0128508,
    0.0115761,
    -0.0296589,
    0.0128513,
    0.0115761,
    -0.0590217,
    0.0128514,
    0.0115761,
    -0.0618483,
    0.0128508,
    0.0115761,
    -0.0268331,
    0.0128514,
    -0.033322,
    -0.0618483,
    0.0128508,
    -0.033322,
    -0.0268331,
    -0.0125429,
    0.0115761,
    -0.0618488,
    -0.0125429,
    -0.033322,
    -0.0618488,
    -0.0125435,
    -0.033322,
    -0.0268335,
    -0.0125435,
    0.0115761,
    -0.0268335,
    -0.0097554,
    -0.0094035,
    -0.0157652,
    -0.0097552,
    -0.0094035,
    -0.0307516,
    -0.0097552,
    -0.0153643,
    -0.0307516,
    -0.0097555,
    -0.0153643,
    -0.0157652,
    0.0100624,
    -0.0094034,
    -0.0157649,
    0.0100627,
    -0.0094034,
    -0.0307513,
    0.0100626,
    -0.0153642,
    -0.0307513,
    0.0100624,
    -0.0153642,
    -0.0157649,
    0.0100623,
    -0.0324485,
    -0.0157649,
    0.0100626,
    -0.0324485,
    -0.0307513,
    0.0100626,
    -0.0264878,
    -0.0307513,
    0.0100624,
    -0.0264878,
    -0.0157649,
    -0.0097555,
    -0.0324486,
    -0.0157652,
    -0.0097552,
    -0.0324486,
    -0.0307516,
    -0.0097552,
    -0.0264878,
    -0.0307516,
    -0.0097555,
    -0.0264878,
    -0.0157652
  ],