{
  "metadata": {
    "formatVersion": 3
  },
  "materials": [
    {
      "DbgColor": 15658734,
      "DbgIndex": 0,
      "DbgName": "CameraMaterial",
      "colorDiffuse": [
        0,
        0,
        0
      ],
      "colorSpecular": [
        0.401201,
        0.401201,
        0.401201
      ],
      "shading": "Lambert",
      "specularCoef": 50,
      "opacity": 1.0,
      "vertexColors": false
    }
  ],
  "normals": [],
  "colors": [],
  "uvs": [],
  "vertices": [
    0.0012902,
    0.0006454,
    -0.0016242,
    0.0012902,
    -0.0018532,
    -0.0009796,
    -0.0012902,
    -0.0018532,
    -0.0009796,
    -0.0012902,
    0.0006454,
    -0.0016242,
    0.0030927,
    0.0010956,
    0.0001212,
    0.0030927,
    -0.001403,
    0.0007657,
    0.0012902,
    -0.0031483,
    0.001216,
    -0.0012901,
    -0.0031484,
    0.001216,
    -0.0030927,
    -0.001403,
    0.0007657,
    -0.0030927,
    0.0010956,
    0.0001212,
    0.0012902,
    0.002841,
    -0.0003291,
    -0.0012902,
    0.002841,
    -0.0003291
  ],
  "faces": [
    2,
    0,
    10,
    4,
    0,
    2,
    1,
    5,
    6,
    0,
    2,
    2,
    7,
    8,
    0,
    2,
    3,
    9,
    11,
    0,
    2,
    9,
    3,
    2,
    0,
    2,
    9,
    2,
    8,
    0,
    2,
    10,
    0,
    3,
    0,
    2,
    10,
    3,
    11,
    0,
    2,
    7,
    2,
    1,
    0,
    2,
    7,
    1,
    6,
    0,
    2,
    0,
    4,
    5,
    0,
    2,
    0,
    5,
    1,
    0,
    2,
    0,
    1,
    2,
    0,
    2,
    0,
    2,
    3,
    0
  ]
}
