{
  "metadata": {
    "formatVersion": 3
  },
  "materials": [
    {
      "DbgColor": 15658734,
      "DbgIndex": 0,
      "DbgName": "Metal",
      "colorDiffuse": [
        0.7,
        0.7,
        0.7
      ],
      "colorSpecular": [
        0.168737,
        0.168737,
        0.168737
      ],
      "shading": "Lambert",
      "specularCoef": 50,
      "opacity": 1.0,
      "vertexColors": false
    }
  ],
  "normals": [],
  "colors": [],
  "uvs": [],
  "vertices": [
    -0.008447,
    -0.0084461,
    0.0247275,
    -0.008447,
    0.0084461,
    0.0247275,
    -9e-07,
    0.0119446,
    0.0247278,
    0.0084452,
    0.0084461,
    0.0247281,
    0.0119437,
    -3.45e-05,
    0.0247282,
    0.0084452,
    -0.0084461,
    0.0247281,
    -9e-07,
    -0.0119446,
    0.0247278,
    -0.0084469,
    -0.0084461,
    0.0225637,
    -0.0119454,
    -3.45e-05,
    0.0225636,
    -0.0084469,
    0.0084461,
    0.0225637,
    -8e-07,
    0.0119446,
    0.022564,
    0.0084453,
    0.0084461,
    0.0225643,
    0.0119438,
    -3.45e-05,
    0.0225644,
    0.0084453,
    -0.0084461,
    0.0225643,
    -8e-07,
    -0.0119446,
    0.022564,
    9e-07,
    -0.0119446,
    -0.0258612,
    0.008447,
    -0.0084461,
    -0.0258609,
    0.0119455,
    -3.45e-05,
    -0.0258608,
    0.008447,
    0.0084461,
    -0.0258609,
    9e-07,
    0.0119446,
    -0.0258612,
    -0.0084452,
    0.0084461,
    -0.0258615,
    -0.0119437,
    -3.45e-05,
    -0.0258616,
    -0.0084452,
    -0.0084461,
    -0.0258615,
    8e-07,
    -0.0119446,
    -0.0238143,
    0.0084469,
    -0.0084461,
    -0.0238141,
    0.0119454,
    -3.45e-05,
    -0.0238139,
    0.0084469,
    0.0084461,
    -0.0238141,
    8e-07,
    0.0119446,
    -0.0238143,
    -0.0084453,
    0.0084461,
    -0.0238146,
    -0.0084453,
    -0.0084461,
    -0.0238146,
    0.0108336,
    0.0313981,
    0.0262884,
    0.0108353,
    0.0313981,
    -0.023814,
    -0.0109726,
    0.0313981,
    0.0262876,
    -0.0109708,
    0.0313981,
    -0.0238147,
    -0.0109709,
    0.0300063,
    -0.0222884,
    -0.0109725,
    0.0300063,
    0.0247274,
    0.0108336,
    0.0300063,
    0.0247282,
    0.0108353,
    0.0300063,
    -0.0222877,
    0.0108353,
    -3.45e-05,
    -0.0222877,
    0.0108336,
    -3.45e-05,
    0.0247282,
    -0.0109725,
    -3.45e-05,
    0.0247274,
    -0.0109709,
    -3.45e-05,
    -0.0222884,
    -0.0109708,
    -3.45e-05,
    -0.0238147,
    -0.0109726,
    -3.45e-05,
    0.0262876,
    0.0108336,
    -3.45e-05,
    0.0262884,
    0.0108353,
    -3.45e-05,
    -0.023814,
    3e-07,
    0.0332829,
    -0.010382,
    0.0073414,
    0.0332829,
    -0.0073409,
    0.010382,
    0.0332829,
    4e-07,
    0.0073409,
    0.0332829,
    0.0073414,
    -4e-07,
    0.0332829,
    0.010382,
    -0.0073414,
    0.0332829,
    0.0073409,
    -0.010382,
    0.0332829,
    -4e-07,
    -0.0073409,
    0.0332829,
    -0.0073414,
    4e-07,
    0.0313981,
    -0.010382,
    0.0073414,
    0.0313981,
    -0.0073409,
    0.010382,
    0.0313981,
    4e-07,
    0.0073409,
    0.0313981,
    0.0073414,
    -4e-07,
    0.0313981,
    0.010382,
    -0.0073414,
    0.0313981,
    0.0073409,
    -0.010382,
    0.0313981,
    -4e-07,
    -0.0073409,
    0.0313981,
    -0.0073414,
    -0.0029755,
    -0.0029802,
    -0.0263813,
    -0.0042083,
    -2.31e-05,
    -0.0263814,
    -0.0029755,
    0.0029726,
    -0.0263813,
    9e-07,
    0.0042054,
    -0.0263812,
    0.0029773,
    0.0029726,
    -0.0263811,
    0.0042102,
    -2.31e-05,
    -0.0263811,
    0.0029773,
    -0.0029802,
    -0.0263811,
    9e-07,
    -0.0042131,
    -0.0263812,
    -9e-07,
    -0.0042131,
    0.0267308,
    0.0029755,
    -0.0029802,
    0.0267309,
    0.0042083,
    -2.31e-05,
    0.0267309,
    0.0029755,
    0.0029726,
    0.0267309,
    -9e-07,
    0.0042054,
    0.0267308,
    -0.0029773,
    0.0029726,
    0.0267307,
    -0.0042102,
    -2.31e-05,
    0.0267306,
    -0.0029773,
    -0.0029802,
    0.0267307
  ],
  "faces": [
    2,
    1,
    3,
    2,
    0,
    2,
    40,
    3,
    1,
    0,
    2,
    40,
    4,
    3,
    0,
    2,
    0,
    4,
    40,
    0,
    2,
    0,
    5,
    4,
    0,
    2,
    0,
    6,
    5,
    0,
    2,
    9,
    10,
    11,
    0,
    2,
    9,
    11,
    12,
    0,
    2,
    8,
    9,
    12,
    0,
    2,
    7,
    8,
    12,
    0,
    2,
    7,
    12,
    13,
    0,
    2,
    14,
    7,
    13,
    0,
    2,
    46,
    53,
    47,
    0,
    2,
    53,
    48,
    47,
    0,
    2,
    53,
    52,
    48,
    0,
    2,
    52,
    51,
    48,
    0,
    2,
    51,
    49,
    48,
    0,
    2,
    51,
    50,
    49,
    0,
    2,
    28,
    26,
    27,
    0,
    2,
    42,
    26,
    28,
    0,
    2,
    42,
    25,
    26,
    0,
    2,
    29,
    25,
    42,
    0,
    2,
    29,
    24,
    25,
    0,
    2,
    29,
    23,
    24,
    0,
    2,
    20,
    19,
    18,
    0,
    2,
    20,
    18,
    17,
    0,
    2,
    21,
    20,
    17,
    0,
    2,
    22,
    21,
    17,
    0,
    2,
    22,
    17,
    16,
    0,
    2,
    15,
    22,
    16,
    0,
    2,
    69,
    62,
    68,
    0,
    2,
    62,
    67,
    68,
    0,
    2,
    62,
    63,
    67,
    0,
    2,
    63,
    64,
    67,
    0,
    2,
    64,
    66,
    67,
    0,
    2,
    64,
    65,
    66,
    0,
    2,
    71,
    77,
    70,
    0,
    2,
    71,
    72,
    77,
    0,
    2,
    72,
    76,
    77,
    0,
    2,
    72,
    75,
    76,
    0,
    2,
    72,
    73,
    75,
    0,
    2,
    73,
    74,
    75,
    0,
    2,
    63,
    62,
    77,
    0,
    2,
    63,
    77,
    76,
    0,
    2,
    64,
    63,
    76,
    0,
    2,
    64,
    76,
    75,
    0,
    2,
    65,
    64,
    75,
    0,
    2,
    65,
    75,
    74,
    0,
    2,
    66,
    65,
    74,
    0,
    2,
    66,
    74,
    73,
    0,
    2,
    67,
    66,
    73,
    0,
    2,
    67,
    73,
    72,
    0,
    2,
    68,
    67,
    72,
    0,
    2,
    68,
    72,
    71,
    0,
    2,
    69,
    68,
    71,
    0,
    2,
    69,
    71,
    70,
    0,
    2,
    62,
    69,
    70,
    0,
    2,
    62,
    70,
    77,
    0,
    2,
    61,
    52,
    53,
    0,
    2,
    61,
    60,
    52,
    0,
    2,
    60,
    51,
    52,
    0,
    2,
    60,
    59,
    51,
    0,
    2,
    59,
    50,
    51,
    0,
    2,
    59,
    58,
    50,
    0,
    2,
    58,
    49,
    50,
    0,
    2,
    58,
    57,
    49,
    0,
    2,
    57,
    48,
    49,
    0,
    2,
    57,
    56,
    48,
    0,
    2,
    56,
    47,
    48,
    0,
    2,
    56,
    55,
    47,
    0,
    2,
    55,
    46,
    47,
    0,
    2,
    55,
    54,
    46,
    0,
    2,
    53,
    54,
    61,
    0,
    2,
    53,
    46,
    54,
    0,
    2,
    38,
    37,
    34,
    0,
    2,
    38,
    34,
    41,
    0,
    2,
    36,
    39,
    40,
    0,
    2,
    36,
    40,
    35,
    0,
    2,
    34,
    37,
    36,
    0,
    2,
    34,
    36,
    35,
    0,
    2,
    42,
    45,
    38,
    0,
    2,
    42,
    38,
    41,
    0,
    2,
    44,
    43,
    40,
    0,
    2,
    44,
    40,
    39,
    0,
    2,
    33,
    31,
    45,
    0,
    2,
    33,
    45,
    42,
    0,
    2,
    30,
    32,
    43,
    0,
    2,
    30,
    43,
    44,
    0,
    2,
    34,
    33,
    42,
    0,
    2,
    34,
    42,
    41,
    0,
    2,
    32,
    35,
    43,
    0,
    2,
    35,
    40,
    43,
    0,
    2,
    36,
    30,
    44,
    0,
    2,
    36,
    44,
    39,
    0,
    2,
    31,
    37,
    45,
    0,
    2,
    37,
    38,
    45,
    0,
    2,
    30,
    36,
    31,
    0,
    2,
    36,
    37,
    31,
    0,
    2,
    33,
    34,
    35,
    0,
    2,
    33,
    35,
    32,
    0,
    2,
    30,
    31,
    33,
    0,
    2,
    30,
    33,
    32,
    0,
    2,
    29,
    21,
    22,
    0,
    2,
    29,
    42,
    21,
    0,
    2,
    42,
    20,
    21,
    0,
    2,
    42,
    28,
