{
  "metadata": {
    "formatVersion": 3
  },
  "materials": [
    {
      "DbgColor": 15658734,
      "DbgIndex": 0,
      "DbgName": "Plastic",
      "colorDiffuse": [
        0.301961,
        0.301961,
        0.301961
      ],
      "colorSpecular": [
        0.401201,
        0.401201,
        0.401201
      ],
      "shading": "Lambert",
      "specularCoef": 50,
      "opacity": 1.0,
      "vertexColors": false
    }
  ],
  "normals": [],
  "colors": [],
  "uvs": [],
  "vertices": [
    -0.0321993,
    -0.0784274,
    -0.0367567,
    0.0321848,
    -0.0784297,
    -0.036759,
    -0.0311065,
    -0.039214,
    -0.0368244,
    0.0310947,
    -0.0392162,
    -0.0368265,
    -0.0307739,
    -0.0273103,
    -0.0213664,
    0.030764,
    -0.0273124,
    -0.0213685,
    -0.0303676,
    -0.0127541,
    -0.0089623,
    0.0303596,
    -0.0127562,
    -0.0089644,
    -0.0299627,
    0.0017605,
    -0.0015366,
    0.0299562,
    0.0017584,
    -0.0015386,
    -0.0295524,
    0.0164661,
    0.0041364,
    0.0295473,
    0.0164641,
    0.0041343,
    -0.0295519,
    0.0164723,
    0.0132633,
    0.0295475,
    0.0164702,
    0.0132613,
    -0.0308119,
    -0.0287301,
    0.009323,
    0.030804,
    -0.0287322,
    0.0093209,
    -0.0317947,
    -0.0639797,
    0.0020636,
    0.0317838,
    -0.0639819,
    0.0020614,
    -0.0321936,
    -0.0782869,
    -0.0018773,
    0.0321815,
    -0.0782892,
    -0.0018795,
    -0.0245284,
    -0.104272,
    0.0042731,
    0.0245149,
    -0.104274,
    0.0042714,
    -0.0275971,
    -0.0999259,
    0.0088055,
    0.0275843,
    -0.0999278,
    0.0088036,
    -0.0313345,
    -0.0910052,
    0.0009336,
    0.0313218,
    -0.0910074,
    0.0009314,
    -0.0320669,
    -0.0852867,
    -0.001929,
    0.0320543,
    -0.085289,
    -0.0019313,
    -0.0245289,
    -0.104272,
    -0.0063462,
    0.0245147,
    -0.104274,
    -0.0063479,
    -0.0275982,
    -0.0999262,
    -0.0114828,
    0.0275839,
    -0.0999282,
    -0.0114847,
    -0.0313357,
    -0.0910056,
    -0.021763,
    0.0313214,
    -0.0910077,
    -0.0217652,
    -0.0320683,
    -0.0852872,
    -0.0283899,
    0.0320539,
    -0.0852894,
    -0.0283921,
    -4.3e-06,
    -0.0583238,
    0.0271951,
    -2.7e-06,
    -0.0147893,
    0.0307726,
    -1.6e-06,
    0.0164661,
    0.0312491,
    -0.0199881,
    -0.0583235,
    0.0271962,
    0.0199794,
    -0.0583249,
    0.0271948,
    -0.0199871,
    -0.0147889,
    0.0307736,
    0.0199818,
    -0.0147903,
    0.0307722,
    -0.0199866,
    0.0164664,
    0.0312502,
    0.0199834,
    0.016465,
    0.0312488,
    -0.0218916,
    -0.0583235,
    0.0245723,
    0.0218828,
    -0.058325,
    0.0245708,
    -0.0218923,
    -0.0862333,
    0.0205175,
    0.0218812,
    -0.0862348,
    0.020516,
    -0.0266784,
    0.0164694,
    0.0225978,
    0.0266747,
    0.0164675,
    0.0225959,
    -0.026354,
    -0.0217595,
    0.0218212,
    0.0263475,
    -0.0217613,
    0.0218193,
    -0.0265701,
    -0.0611515,
    0.0190455,
    0.0265607,
    -0.0611533,
    0.0190437,
    -0.0265918,
    -0.0822601,
    0.0142797,
    0.0265806,
    -0.0822619,
    0.0142779,
    -0.0288887,
    -0.0784275,
    -0.0367569,
    0.0288741,
    -0.0784295,
    -0.0367589,
    -0.0277958,
    -0.039214,
    -0.0368245,
    0.027784,
    -0.039216,
    -0.0368265,
    -0.0274632,
    -0.0273103,
    -0.0213665,
    0.0274534,
    -0.0273123,
    -0.0213684,
    -0.0270569,
    -0.0127542,
    -0.0089625,
    0.0270489,
    -0.012756,
    -0.0089644,
    -0.026652,
    0.0017605,
    -0.0015367,
    0.0266455,
    0.0017586,
    -0.0015386,
    -0.0262417,
    0.0164661,
    0.0041362,
    0.0262367,
    0.0164642,
    0.0041344,
    -0.0262412,
    0.0164722,
    0.0132632,
    0.0262368,
    0.0164704,
    0.0132613,
    -0.0212177,
    -0.104272,
    0.0042729,
    0.0212042,
    -0.104274,
    0.0042714,
    -0.0242864,
    -0.0999259,
    0.0088053,
    0.0242736,
    -0.0999276,
    0.0088036,
    -0.0212182,
    -0.104272,
    -0.0063464,
    0.021204,
    -0.104274,
    -0.0063479,
    -0.0242875,
    -0.0999263,
    -0.011483,
    0.0242732,
    -0.099928,
    -0.0114847,
    -0.0280251,
    -0.0910056,
    -0.0217631,
    0.0280107,
    -0.0910076,
    -0.0217651,
    -0.0287576,
    -0.0852873,
    -0.0283901,
    0.0287432,
    -0.0852893,
    -0.0283921,
    -0.0176031,
    -0.0583235,
    0.0248109,
    0.0175943,
    -0.0583248,
    0.0248097,
    -0.0176016,
    0.0164664,
    0.0288649,
    0.0175982,
    0.0164651,
    0.0288637,
    -0.0195066,
    -0.0583235,
    0.022187,
    0.0194976,
    -0.0583249,
    0.0221857,
    -0.0195073,
    -0.0862334,
    0.0181323,
    0.019496,
    -0.0862347,
    0.0181309,
    -0.0242934,
    0.0164693,
    0.0202125,
    0.0242895,
    0.0164676,
    0.0202108,
    -4.4e-06,
    -0.0583238,
    0.0243141,
    -1.7e-06,
    0.016466,
    0.0283681
  ],