{
  "metadata": {
    "formatVersion": 3
  },
  "materials": [
    {
      "DbgColor": 15658731,
      "DbgIndex": 0,
      "DbgName": "Plastic",
      "colorDiffuse": [
        0.301961,
        0.301961,
        0.301961
      ],
      "colorSpecular": [
        0.401201,
        0.401201,
        0.401201
      ],
      "shading": "Lambert",
      "specularCoef": 50,
      "opacity": 1.0,
      "vertexColors": false
    },
    {
      "DbgColor": 15658734,
      "DbgIndex": 1,
      "DbgName": "Metal",
      "colorDiffuse": [
        0.7,
        0.7,
        0.7
      ],
      "colorSpecular": [
        0.168737,
        0.168737,
        0.168737
      ],
      "shading": "Lambert",
      "specularCoef": 50,
      "opacity": 1.0,
      "vertexColors": false
    }
  ],
  "normals": [],
  "colors": [],
  "uvs": [],
  "vertices": [
    0.0087351,
    0.0067732,
    0.024691,
    0.0087339,
    -0.0101191,
    0.0246951,
    0.0002876,
    -0.013617,
    0.024691,
    -0.0081583,
    -0.0101179,
    0.0246971,
    -0.0116562,
    -0.0016371,
    0.024691,
    -0.0081571,
    0.0067743,
    0.0246951,
    0.0002892,
    0.0102722,
    0.0246941,
    0.0087349,
    0.0067729,
    0.0225301,
    0.0122328,
    -0.0016389,
    0.0225301,
    0.0087337,
    -0.0101193,
    0.0225311,
    0.0002873,
    -0.0136172,
    0.0225331,
    -0.0081585,
    -0.0101181,
    0.0225331,
    -0.0116564,
    -0.0016373,
    0.0225331,
    -0.0081573,
    0.0067741,
    0.0225311,
    0.000289,
    0.010272,
    0.0225301,
    0.0002839,
    0.0102669,
    -0.0258941,
    -0.0081624,
    0.006769,
    -0.0258931,
    -0.0116615,
    -0.0016423,
    -0.0258921,
    -0.0081636,
    -0.0101232,
    -0.0258911,
    0.0002823,
    -0.0136223,
    -0.0258921,
    0.0087286,
    -0.0101244,
    -0.0258931,
    0.0122277,
    -0.001644,
    -0.0258941,
    0.0087298,
    0.0067679,
    -0.0258951,
    0.0002841,
    0.0102672,
    -0.0238471,
    -0.0081622,
    0.0067692,
    -0.0238461,
    -0.0116613,
    -0.0016421,
    -0.0238451,
    -0.0081634,
    -0.010123,
    -0.0238441,
    0.0002825,
    -0.013622,
    -0.0238451,
    0.0087288,
    -0.0101241,
    -0.0238461,
    0.00873,
    0.0067681,
    -0.0238481,
    -0.010548,
    -0.0309107,
    0.0262601,
    -0.0105533,
    -0.0309159,
    -0.0238421,
    0.0112581,
    -0.0309122,
    0.0262571,
    0.0112529,
    -0.0309175,
    -0.0238441,
    0.0112531,
    -0.0295256,
    -0.0223181,
    0.011258,
    -0.0295206,
    0.0246971,
    -0.0105481,
    -0.0295191,
    0.0246991,
    -0.010553,
    -0.029524,
    -0.0223151,
    -0.010551,
    -0.0016421,
    -0.022311,
    -0.0105461,
    -0.0016371,
    0.0246961,
    0.01126,
    -0.0016387,
    0.0246941,
    0.0112551,
    -0.0016436,
    -0.0223211,
    0.011255,
    -0.0016437,
    -0.0238471,
    0.0112602,
    -0.0016385,
    0.0262541,
    -0.0105459,
    -0.001637,
    0.026251,
    -0.0105512,
    -0.0016422,
    -0.0238451,
    0.0032596,
    0.0013023,
    -0.0264131,
    0.0044923,
    -0.001655,
    -0.0264131,
    0.0032592,
    -0.0046505,
    -0.0264131,
    0.0002828,
    -0.0058832,
    -0.0264121,
    -0.0026936,
    -0.0046501,
    -0.0264121,
    -0.0039262,
    -0.0016544,
    -0.0264121,
    -0.0026931,
    0.0013027,
    -0.0264131,
    0.0002833,
    0.0025353,
    -0.0264131,
    0.0002889,
    0.0025409,
    0.0266981,
    -0.0026876,
    0.0013083,
    0.0266981,
    -0.0039207,
    -0.0016488,
    0.0266991,
    -0.002688,
    -0.0046445,
    0.0266991,
    0.0002883,
    -0.0058776,
    0.0266991,
    0.0032648,
    -0.0046449,
    0.0266981,
    0.0044979,
    -0.0016494,
    0.0266981,
    0.0032652,
    0.0013078,
    0.0266981,
    0.0221498,
    -0.018297,
    -0.0532331,
    -0.0440127,
    -0.0182935,
    -0.053221,
    -0.0440135,
    -0.0335076,
    -0.0532281,
    0.022149,
    -0.033551,
    -0.0532321,
    0.0145385,
    -0.0335451,
    0.0507261,
    -0.0376582,
    -0.0335025,
    0.0503671,
    -0.0376577,
    -0.0238965,
    0.050361,
    0.014539,
    -0.0238992,
    0.0507261,
    0.022155,
    -0.0182931,
    0.0211801,
    -0.0440075,
    -0.0182896,
    0.0211851,
    0.0075687,
    -0.0335447,
    0.0521781,
    -0.0298333,
    -0.0335427,
    0.0521801,
    -0.0298328,
    -0.0238968,
    0.0521801,
    0.0075692,
    -0.0238988,
    0.0521771,
    0.0221564,
    -0.0226617,
    0.0447671,
    -0.0440061,
    -0.0226583,
    0.0447721,
    0.0221558,
    -0.0335059,
    0.0447681,
    -0.0440067,
    -0.0335025,
    0.044773
  ],