{
  "metadata": {
    "formatVersion": 3
  },
  "materials": [
    {
      "DbgColor": 15658734,
      "DbgIndex": 0,
      "DbgName": "Metal",
      "colorDiffuse": [
        0.7,
        0.7,
        0.7
      ],
      "colorSpecular": [
        0.168737,
        0.168737,
        0.168737
      ],
      "shading": "Lambert",
      "specularCoef": 50,
      "opacity": 1.0,
      "vertexColors": false
    }
  ],
  "normals": [],
  "colors": [],
  "uvs": [],
  "vertices": [
    0.0084461,
    -0.0084461,
    0.0247278,
    0.0084461,
    0.0084461,
    0.0247278,
    -0,
    0.0119446,
    0.0247278,
    -0.0084461,
    0.0084461,
    0.0247278,
    -0.0119446,
    -3.45e-05,
    0.0247278,
    -0.0084461,
    -0.0084461,
    0.0247278,
    -0,
    -0.0119446,
    0.0247278,
    0.0084461,
    -0.0084461,
    0.022564,
    0.0119446,
    -3.45e-05,
    0.022564,
    0.0084461,
    0.0084461,
    0.022564,
    -0,
    0.0119446,
    0.022564,
    -0.0084461,
    0.0084461,
    0.022564,
    -0.0119446,
    -3.45e-05,
    0.022564,
    -0.0084461,
    -0.0084461,
    0.022564,
    0,
    -0.0119446,
    0.022564,
    0,
    -0.0119446,
    -0.0258612,
    -0.0084461,
    -0.0084461,
    -0.0258612,
    -0.0119446,
    -3.45e-05,
    -0.0258612,
    -0.0084461,
    0.0084461,
    -0.0258612,
    -0,
    0.0119446,
    -0.0258612,
    0.0084461,
    0.0084461,
    -0.0258612,
    0.0119446,
    -3.45e-05,
    -0.0258612,
    0.0084461,
    -0.0084461,
    -0.0258612,
    -0,
    -0.0119446,
    -0.0238143,
    -0.0084461,
    -0.0084461,
    -0.0238143,
    -0.0119446,
    -3.45e-05,
    -0.0238143,
    -0.0084461,
    0.0084461,
    -0.0238143,
    -0,
    0.0119446,
    -0.0238143,
    0.0084461,
    0.0084461,
    -0.0238143,
    0.0084461,
    -0.0084461,
    -0.0238143,
    -0.0108345,
    0.0313981,
    0.026288,
    -0.0108345,
    0.0313981,
    -0.0238143,
    0.0109716,
    0.0313981,
    0.026288,
    0.0109716,
    0.0313981,
    -0.0238143,
    0.0109716,
    0.0300063,
    -0.022288,
    0.0109716,
    0.0300063,
    0.0247278,
    -0.0108345,
    0.0300063,
    0.0247278,
    -0.0108345,
    0.0300063,
    -0.022288,
    -0.0108345,
    -3.45e-05,
    -0.022288,
    -0.0108345,
    -3.45e-05,
    0.0247278,
    0.0109716,
    -3.45e-05,
    0.0247278,
    0.0109716,
    -3.45e-05,
    -0.022288,
    0.0109716,
    -3.45e-05,
    -0.0238143,
    0.0109716,
    -3.45e-05,
    0.026288,
    -0.0108345,
    -3.45e-05,
    0.026288,
    -0.0108345,
    -3.45e-05,
    -0.0238143,
    0,
    0.0332829,
    -0.010382,
    -0.0073412,
    0.0332829,
    -0.0073412,
    -0.010382,
    0.0332829,
    -0,
    -0.0073412,
    0.0332829,
    0.0073412,
    -0,
    0.0332829,
    0.010382,
    0.0073412,
    0.0332829,
    0.0073412,
    0.010382,
    0.0332829,
    -0,
    0.0073412,
    0.0332829,
    -0.0073412,
    -0,
    0.0313981,
    -0.010382,
    -0.0073412,
    0.0313981,
    -0.0073412,
    -0.010382,
    0.0313981,
    -0,
    -0.0073412,
    0.0313981,
    0.0073412,
    -0,
    0.0313981,
    0.010382,
    0.0073412,
    0.0313981,
    0.0073412,
    0.010382,
    0.0313981,
    -0,
    0.0073412,
    0.0313981,
    -0.0073412,
    0.0029764,
    -0.0029802,
    -0.0263812,
    0.0042093,
    -2.31e-05,
    -0.0263812,
    0.0029764,
    0.0029726,
    -0.0263812,
    0,
    0.0042054,
    -0.0263812,
    -0.0029764,
    0.0029726,
    -0.0263812,
    -0.0042093,
    -2.31e-05,
    -0.0263812,
    -0.0029764,
    -0.0029802,
    -0.0263812,
    0,
    -0.0042131,
    -0.0263812,
    0,
    -0.0042131,
    0.0267308,
    -0.0029764,
    -0.0029802,
    0.0267308,
    -0.0042093,
    -2.31e-05,
    0.0267308,
    -0.0029764,
    0.0029726,
    0.0267308,
    0,
    0.0042054,
    0.0267308,
    0.0029764,
    0.0029726,
    0.0267308,
    0.0042093,
    -2.31e-05,
    0.0267308,
    0.0029764,
    -0.0029802,
    0.0267308
  ],
  "faces": [
    2,
    1,
    2,
    3,
    0,
    2,
    40,
    1,
    3,
    0,
    2,
    40,
    3,
    4,
    0,
    2,
    0,
    40,
    4,
    0,
    2,
    0,
    4,
    5,
    0,
    2,
    0,
    5,
    6,
    0,
    2,
    9,
    11,
    10,
    0,
    2,
    9,
    12,
    11,
    0,
    2,
    8,
    12,
    9,
    0,
    2,
    7,
    12,
    8,
    0,
    2,
    7,
    13,
    12,
    0,
    2,
    14,
    13,
    7,
    0,
    2,
    46,
    47,
    53,
    0,
    2,
    53,
    47,
    48,
    0,
    2,
    53,
    48,
    52,
    0,
    2,
    52,
    48,
    51,
    0,
    2,
    51,
    48,
    49,
    0,
    2,
    51,
    49,
    50,
    0,
    2,
    28,
    27,
    26,
    0,
    2,
    42,
    28,
    26,
    0,
    2,
    42,
    26,
    25,
    0,
    2,
    29,
    42,
    25,
    0,
    2,
    29,
    25,
    24,
    0,
    2,
    29,
    24,
    23,
    0,
    2,
    20,
    18,
    19,
    0,
    2,
    20,
    17,
    18,
    0,
    2,
    21,
    17,
    20,
    0,
    2,
    22,
    17,
    21,
    0,
    2,
    22,
    16,
    17,
    0,
    2,
    15,
    16,
    22,
    0,
    2,
    69,
    68,
    62,
    0,
    2,
    62,
    68,
    67,
    0,
    2,
    62,
    67,
    63,
    0,
    2,
    63,
    67,
    64,
    0,
    2,
    64,
    67,
    66,
    0,
    2,
    64,
    66,
    65,
    0,
    2,
    71,
    70,
    77,
    0,
    2,
    71,
    77,
    72,
    0,
    2,
    72,
    77,
    76,
    0,
    2,
    72,
    76,
    75,
    0,
    2,
    72,
    75,
    73,
    0,
    2,
    73,
    75,
    74,
    0,
    2,
    63,
    77,
    62,
    0,
    2,
    63,
    76,
    77,
    0,
    2,
    64,
    76,
    63,
    0,
    2,
    64,
    75,
    76,
    0,
    2,
    65,
    75,
    64,
    0,
    2,
    65,
    74,
    75,
    0,
    2,
    66,
    74,
    65,
    0,
    2,
    66,
    73,
    74,
    0,
    2,
    67,
    73,
    66,
    0,
    2,
    67,
    72,
    73,
    0,
    2,
    68,
    72,
    67,
    0,
    2,
    68,
    71,
    72,
    0,
    2,
    69,
    71,
    68,
    0,
    2,
    69,
    70,
    71,
    0,
    2,
    62,
    70,
    69,
    0,
    2,
    62,
    77,
    70,
    0,
    2,
    61,
    53,
    52,
    0,
    2,
    61,
    52,
    60,
    0,
    2,
    60,
    52,
    51,
    0,
    2,
    60,
    51,
    59,
    0,
    2,
    59,
    51,
    50,
    0,
    2,
    59,
    50,
    58,
    0,
    2,
    58,
    50,
    49,
    0,
    2,
    58,
    49,
    57,
    0,
    2,
    57,
    49,
    48,
    0,
    2,
    57,
    48,
    56,
    0,
    2,
    56,
    48,
    47,
    0,
    2,
    56,
    47,
    55,
    0,
    2,
    55,
    47,
    46,
    0,
    2,
    55,
    46,
    54,
    0,
    2,
    53,
    61,
    54,
    0,
    2,
    53,
    54,
    46,
    0,
    2,
    38,
    34,
    37,
    0,
    2,
    38,
    41,
    34,
    0,
    2,
    36,
    40,
    39,
    0,
    2,
    36,
    35,
    40,
    0,
    2,
    34,
    36,
    37,
    0,
    2,
    34,
    35,
    36,
    0,
    2,
    42,
    38,
    45,
    0,
    2,
    42,
    41,
    38,
    0,
    2,
    44,
    40,
    43,
    0,
    2,
    44,
    39,
    40,
    0,
    2,
    33,
    45,
    31,
    0,
    2,
    33,
    42,
    45,
    0,
    2,
    30,
    43,
    32,
    0,
    2,
    30,
    44,
    43,
    0,
    2,
    34,
    42,
    33,
    0,
    2,
    34,
    41,
    42,
    0,
    2,
    32,
    43,
    35,
    0,
    2,
    35,
    43,
    40,
    0,
    2,
    36,
    44,
    30,
    0,
    2,
    36,
    39,
    44,
    0,
    2,
    31,
    45,
    37,
    0,
    2,
    37,
    45,
    38,
    0,
    2,
    30,
    31,
    36,
    0,
    2,
    36,
    31,
    37,
    0,
    2,
    33,
    35,
    34,
    0,
    2,
    33,
    32,
    35,
    0,
    2,
    30,
    33,
    31,
    0,
    2,
    30,
    32,
    33,
    0,
    2,
    29,
    22,
    21,
    0,
    2,
    29,
    21,
    42,
    0,
    2,
    42,
    21,
    20,
    0,
    2,
    42,
    20,
    28,
    0,
    2,
    28,
    20,
    19,
    0,
    2,
    28,
    19,
    27,
