{
  "metadata": {
    "formatVersion": 3
  },
  "materials": [
    {
      "DbgColor": 15658734,
      "DbgIndex": 0,
      "DbgName": "Plastic",
      "colorDiffuse": [
        0.301961,
        0.301961,
        0.301961
      ],
      "colorSpecular": [
        0.401201,
        0.401201,
        0.401201
      ],
      "shading": "Lambert",
      "specularCoef": 50,
      "opacity": 1.0,
      "vertexColors": false
    }
  ],
  "normals": [],
  "colors": [],
  "uvs": [],
  "vertices": [
    0.0321921,
    -0.0784286,
    -0.0367578,
    -0.0321921,
    -0.0784286,
    -0.0367578,
    0.0311006,
    -0.0392151,
    -0.0368254,
    -0.0311006,
    -0.0392151,
    -0.0368254,
    0.030769,
    -0.0273114,
    -0.0213674,
    -0.030769,
    -0.0273114,
    -0.0213674,
    0.0303636,
    -0.0127552,
    -0.0089633,
    -0.0303636,
    -0.0127552,
    -0.0089633,
    0.0299594,
    0.0017595,
    -0.0015376,
    -0.0299594,
    0.0017595,
    -0.0015376,
    0.0295499,
    0.0164651,
    0.0041354,
    -0.0295499,
    0.0164651,
    0.0041354,
    0.0295497,
    0.0164712,
    0.0132623,
    -0.0295497,
    0.0164712,
    0.0132623,
    0.030808,
    -0.0287311,
    0.0093219,
    -0.030808,
    -0.0287311,
    0.0093219,
    0.0317893,
    -0.0639808,
    0.0020625,
    -0.0317893,
    -0.0639808,
    0.0020625,
    0.0321876,
    -0.0782881,
    -0.0018784,
    -0.0321876,
    -0.0782881,
    -0.0018784,
    0.0245216,
    -0.104273,
    0.0042722,
    -0.0245216,
    -0.104273,
    0.0042722,
    0.0275907,
    -0.0999268,
    0.0088045,
    -0.0275907,
    -0.0999268,
    0.0088045,
    0.0313282,
    -0.0910063,
    0.0009325,
    -0.0313282,
    -0.0910063,
    0.0009325,
    0.0320606,
    -0.0852879,
    -0.0019302,
    -0.0320606,
    -0.0852879,
    -0.0019302,
    0.0245218,
    -0.104273,
    -0.0063471,
    -0.0245218,
    -0.104273,
    -0.0063471,
    0.027591,
    -0.0999272,
    -0.0114838,
    -0.027591,
    -0.0999272,
    -0.0114838,
    0.0313286,
    -0.0910067,
    -0.0217641,
    -0.0313286,
    -0.0910067,
    -0.0217641,
    0.0320611,
    -0.0852883,
    -0.028391,
    -0.0320611,
    -0.0852883,
    -0.028391,
    0,
    -0.0583238,
    0.0271951,
    0,
    -0.0147893,
    0.0307726,
    0,
    0.0164661,
    0.0312491,
    0.0199838,
    -0.0583242,
    0.0271955,
    -0.0199838,
    -0.0583242,
    0.0271955,
    0.0199845,
    -0.0147896,
    0.0307729,
    -0.0199845,
    -0.0147896,
    0.0307729,
    0.019985,
    0.0164657,
    0.0312495,
    -0.019985,
    0.0164657,
    0.0312495,
    0.0218872,
    -0.0583242,
    0.0245715,
    -0.0218872,
    -0.0583242,
    0.0245715,
    0.0218868,
    -0.0862341,
    0.0205168,
    -0.0218868,
    -0.0862341,
    0.0205168,
    0.0266765,
    0.0164685,
    0.0225968,
    -0.0266765,
    0.0164685,
    0.0225968,
    0.0263508,
    -0.0217604,
    0.0218203,
    -0.0263508,
    -0.0217604,
    0.0218203,
    0.0265654,
    -0.0611524,
    0.0190446,
    -0.0265654,
    -0.0611524,
    0.0190446,
    0.0265862,
    -0.082261,
    0.0142788,
    -0.0265862,
    -0.082261,
    0.0142788,
    0.0288814,
    -0.0784285,
    -0.0367579,
    -0.0288814,
    -0.0784285,
    -0.0367579,
    0.0277899,
    -0.039215,
    -0.0368255,
    -0.0277899,
    -0.039215,
    -0.0368255,
    0.0274583,
    -0.0273113,
    -0.0213675,
    -0.0274583,
    -0.0273113,
    -0.0213675,
    0.0270529,
    -0.0127551,
    -0.0089634,
    -0.0270529,
    -0.0127551,
    -0.0089634,
    0.0266488,
    0.0017595,
    -0.0015377,
    -0.0266488,
    0.0017595,
    -0.0015377,
    0.0262392,
    0.0164652,
    0.0041353,
    -0.0262392,
    0.0164652,
    0.0041353,
    0.026239,
    0.0164713,
    0.0132622,
    -0.026239,
    0.0164713,
    0.0132622,
    0.021211,
    -0.104273,
    0.0042722,
    -0.021211,
    -0.104273,
    0.0042722,
    0.02428,
    -0.0999268,
    0.0088045,
    -0.02428,
    -0.0999268,
    0.0088045,
    0.0212111,
    -0.104273,
    -0.0063472,
    -0.0212111,
    -0.104273,
    -0.0063472,
    0.0242804,
    -0.0999271,
    -0.0114838,
    -0.0242804,
    -0.0999271,
    -0.0114838,
    0.0280179,
    -0.0910066,
    -0.0217641,
    -0.0280179,
    -0.0910066,
    -0.0217641,
    0.0287504,
    -0.0852883,
    -0.0283911,
    -0.0287504,
    -0.0852883,
    -0.0283911,
    0.0175987,
    -0.0583242,
    0.0248103,
    -0.0175987,
    -0.0583242,
    0.0248103,
    0.0175999,
    0.0164657,
    0.0288643,
    -0.0175999,
    0.0164657,
    0.0288643,
    0.0195021,
    -0.0583242,
    0.0221864,
    -0.0195021,
    -0.0583242,
    0.0221864,
    0.0195017,
    -0.0862341,
    0.0181316,
    -0.0195017,
    -0.0862341,
    0.0181316,
    0.0242914,
    0.0164685,
    0.0202117,
    -0.0242914,
    0.0164685,
    0.0202117,
    0,
    -0.0583239,
    0.0243141,
    0,
    0.016466,
    0.0283681
  ],