{
  "metadata": {
    "formatVersion": 3
  },
  "materials": [
    {
      "DbgColor": 15658734,
      "DbgIndex": 0,
      "DbgName": "Plastic",
      "colorDiffuse": [
        0.301961,
        0.301961,
        0.301961
      ],
      "colorSpecular": [
        0.401201,
        0.401201,
        0.401201
      ],
      "shading": "Lambert",
      "specularCoef": 50,
      "opacity": 1.0,
      "vertexColors": false
    },
    {
      "DbgColor": 15658734,
      "DbgIndex": 1,
      "DbgName": "ServoMaterial",
      "colorDiffuse": [
        0.14,
        0.14,
        0.14
      ],
      "colorSpecular": [
        0.168737,
        0.168737,
        0.168737
      ],
      "shading": "Lambert",
      "specularCoef": 50,
      "opacity": 1.0,
      "vertexColors": false
    }
  ],
  "normals": [],
  "colors": [],
  "uvs": [],
  "vertices": [
    0.0148675,
    -0.0550762,
    0.0116404,
    0.0148666,
    -0.105434,
    0.0116412,
    0.014868,
    -0.0550767,
    -0.0137539,
    0.014867,
    -0.105435,
    -0.0137531,
    0.0104632,
    -0.105435,
    -0.0137532,
    0.0104628,
    -0.105434,
    0.0116411,
    0.0104642,
    -0.0550766,
    -0.013754,
    0.0104638,
    -0.0550761,
    0.0116403,
    0.0104634,
    -0.0995206,
    -0.0189472,
    0.0104628,
    -0.0995199,
    0.0166704,
    0.0104642,
    -0.0609908,
    -0.0189478,
    0.0104636,
    -0.0609902,
    0.0166698,
    0.0148672,
    -0.0995207,
    -0.0189471,
    0.0148666,
    -0.0995201,
    0.0166705,
    0.014868,
    -0.0609909,
    -0.0189477,
    0.0148673,
    -0.0609903,
    0.0166699,
    -0.0103675,
    -0.0609894,
    0.016669,
    -0.0103668,
    -0.0609901,
    -0.0189486,
    -0.0103682,
    -0.0995192,
    0.0166696,
    -0.0103676,
    -0.0995198,
    -0.018948,
    -0.0147712,
    -0.0609893,
    0.0166689,
    -0.0147706,
    -0.0609899,
    -0.0189487,
    -0.014772,
    -0.0995191,
    0.0166695,
    -0.0147714,
    -0.0995197,
    -0.0189481,
    -0.014771,
    -0.0550753,
    0.0116394,
    -0.0147706,
    -0.0550757,
    -0.0137548,
    -0.014772,
    -0.105433,
    0.0116402,
    -0.0147716,
    -0.105434,
    -0.0137541,
    -0.0103678,
    -0.105434,
    -0.013754,
    -0.0103668,
    -0.0550758,
    -0.0137548,
    -0.0103682,
    -0.105433,
    0.0116403,
    -0.0103673,
    -0.0550754,
    0.0116395,
    0.0182062,
    -0.105435,
    -0.013753,
    0.0182072,
    -0.0550767,
    -0.0137538,
    0.0182058,
    -0.105434,
    0.0116413,
    0.0182068,
    -0.0550763,
    0.0116405,
    -0.0177682,
    -0.105434,
    -0.0137541,
    -0.0177687,
    -0.105433,
    0.0116402,
    -0.0177672,
    -0.0550756,
    -0.0137549,
    -0.0177677,
    -0.0550752,
    0.0116394,
    0.0268712,
    -0.104905,
    -0.0082253,
    -0.0268712,
    -0.104905,
    -0.0082253,
    0.026871,
    -0.10766,
    -0.0007456,
    -0.026871,
    -0.10766,
    -0.0007456,
    0.0268709,
    -0.105566,
    0.0070039,
    -0.0268709,
    -0.105566,
    0.0070039,
    0.0247075,
    -0.100249,
    0.0112405,
    -0.0247075,
    -0.100249,
    0.0112405,
    0.0207275,
    -0.079843,
    0.0190445,
    -0.0207275,
    -0.079843,
    0.0190445,
    0.020718,
    -0.0748146,
    0.0190445,
    -0.020718,
    -0.0748146,
    0.0190445,
    0.0151308,
    -0.0748146,
    0.025602,
    -0.0151308,
    -0.0748146,
    0.025602,
    0.0151422,
    -0.0393893,
    0.025602,
    -0.0151422,
    -0.0393893,
    0.025602,
    0.0191712,
    -0.0383065,
    0.0220794,
    -0.0191712,
    -0.0383065,
    0.0220794,
    0.020085,
    -0.0355735,
    0.0202946,
    -0.020085,
    -0.0355735,
    0.0202946,
    0.0202365,
    -0.0210323,
    0.0199852,
    -0.0202365,
    -0.0210323,
    0.0199852,
    0.0247061,
    0.0037188,
    0.0112418,
    -0.0247061,
    0.0037188,
    0.0112418,
    0.0268709,
    0.0088188,
    0.0070039,
    -0.0268709,
    0.0088188,
    0.0070039,
    0.026871,
    0.011922,
    0.0021987,
    -0.026871,
    0.011922,
    0.0021987,
    0.0268711,
    0.0117651,
    -0.0047315,
    -0.0268711,
    0.0117651,
    -0.0047315,
    0.0268712,
    0.0086289,
    -0.0101251,
    -0.0268712,
    0.0086289,
    -0.0101251,
    0.0268712,
    0.0032575,
    -0.0132311,
    -0.0268712,
    0.0032575,
    -0.0132311,
    0.0268712,
    -0.0529296,
    -0.012096,
    -0.0268712,
    -0.0529296,
    -0.012096,
    0.0268713,
    -0.0686317,
    -0.0189066,
    -0.0268713,
    -0.0686317,
    -0.0189066,
    0.0268712,
    -0.0998468,
    -0.0124744,
    -0.0268712,
    -0.0998468,
    -0.0124744,
    0,
    -0.0748146,
    0.0256017,
    0,
    -0.0393893,
    0.0256017,
    0.0191712,
    -0.0748146,
    0.0220794,
    -0.0191712,
    -0.0748146,
    0.0220794,
    0.0182379,
    -0.0748146,
    0.0210424,
    -0.0182379,
    -0.0748146,
    0.0210424,
    0,
    -0.0393893,
    0.0245647,
    0,
    -0.0748146,
    0.0245647,
    0.0216682,
    -0.0998468,
    -0.0125575,
    -0.0216682,
    -0.0998468,
    -0.0125575,
    0.0216683,
    -0.0686317,
    -0.0189896,
    -0.0216683,
    -0.0686317,
    -0.0189896,
    0.0216682,
    -0.0529296,
    -0.0121791,
    -0.0216682,
    -0.0529296,
    -0.0121791,
    0.0216682,
    0.0032575,
    -0.0133142,
    -0.0216682,
    0.0032575,
    -0.0133142,
    0.0216682,
    0.0086289,
    -0.0102081,
    -0.0216682,
    0.0086289,
    -0.0102081,
    0.0216681,
    0.0117651,
    -0.0048146,
    -0.0216681,
    0.0117651,
    -0.0048146,
    0.021668,
    0.011922,
    0.0021157,
    -0.021668,
    0.011922,
    0.0021157,
    0.0182379,
    -0.0383065,
    0.0210424,
    -0.0182379,
    -0.0383065,
    0.0210424,
    0.0142089,
    -0.0393893,
    0.0245649,
    -0.0142089,
    -0.0393893,
    0.0245649,
    0.0141975,
    -0.0748146,
    0.0245649,
    -0.0141975,
    -0.0748146,
    0.0245649,
    0.021668,
    -0.10766,
    -0.0008287,
    -0.021668,
    -0.10766,
    -0.0008287,
    0.0216682,
    -0.104905,
    -0.0083083,
    -0.0216682,
    -0.104905,
    -0.0083083,
    0.0216679,
    -0.105566,
    0.0070038,
    -0.0216679,
    -0.105566,
    0.0070038,
    0.0216679,
    0.0088188,
    0.0070038,
    -0.0216679,
    0.0088188,
    0.0070038,
    0.0206395,
    -0.100249,
    0.0112405,
    -0.0206395,
    -0.100249,
    0.0112405,
    0.0187179,
    -0.0748146,
    0.0190444,
    -0.0187179,
    -0.0748146,
    0.0190444,
    0.0187613,
    -0.079843,
    0.0190444,
    -0.0187613,
    -0.079843,
    0.0190444,
    0.0184737,
    -0.0210323,
    0.0199852,
    -0.0184737,
    -0.0210323,
    0.0199852,
    0.0184239,
    -0.0355735,
    0.0202946,
    -0.0184239,
    -0.0355735,
    0.0202946,
    0.0206127,
    0.0037188,
    0.0112418,
    -0.0206127,
    0.0037188,
    0.0112418
  ],