{
  "metadata": {
    "formatVersion": 3
  },
  "materials": [
    {
      "DbgColor": 15658734,
      "DbgIndex": 0,
      "DbgName": "Plastic",
      "colorDiffuse": [
        0.301961,
        0.301961,
        0.301961
      ],
      "colorSpecular": [
        0.401201,
        0.401201,
        0.401201
      ],
      "shading": "Lambert",
      "specularCoef": 50,
      "opacity": 1.0,
      "vertexColors": false
    },
    {
      "DbgColor": 15658734,
      "DbgIndex": 1,
      "DbgName": "ServoMaterial",
      "colorDiffuse": [
        0.14,
        0.14,
        0.14
      ],
      "colorSpecular": [
        0.168737,
        0.168737,
        0.168737
      ],
      "shading": "Lambert",
      "specularCoef": 50,
      "opacity": 1.0,
      "vertexColors": false
    }
  ],
  "normals": [],
  "colors": [],
  "uvs": [],
  "vertices": [
    0.0156138,
    -0.011514,
    0.0201599,
    0.0156134,
    -0.0373797,
    0.0201595,
    0.0116704,
    -0.0403762,
    0.0201594,
    -0.0161016,
    -0.0403757,
    0.0201594,
    -0.0041009,
    -0.0116714,
    0.0201599,
    -0.00899,
    -0.0072552,
    0.02016,
    -0.0091475,
    0.0045736,
    0.0201602,
    -0.0064663,
    0.0080434,
    0.0201603,
    0.0058357,
    0.0080432,
    0.0201603,
    0.0059935,
    0.0146673,
    0.0201604,
    -0.0102514,
    0.0130904,
    0.0201604,
    -0.014839,
    0.0107247,
    0.0201603,
    -0.0161008,
    0.0073235,
    0.0201603,
    0.0156138,
    -0.0115133,
    -0.0198866,
    0.0156134,
    -0.037379,
    -0.019887,
    0.0116704,
    -0.0403755,
    -0.0198871,
    -0.0161016,
    -0.040375,
    -0.0198871,
    -0.0041009,
    -0.0116707,
    -0.0198866,
    -0.00899,
    -0.0072545,
    -0.0198865,
    -0.0091475,
    0.0045743,
    -0.0198863,
    -0.0064663,
    0.0080441,
    -0.0198863,
    0.0058357,
    0.0080439,
    -0.0198863,
    0.0059935,
    0.014668,
    -0.0198861,
    -0.0102514,
    0.0130911,
    -0.0198862,
    -0.014839,
    0.0107254,
    -0.0198862,
    -0.0161008,
    0.0073242,
    -0.0198863,
    -0.0161016,
    -0.0403754,
    0.0001362,
    -0.02011,
    -0.0119166,
    0.0121506,
    -0.0210102,
    -0.0162362,
    0.0041412,
    -0.0210102,
    -0.016236,
    -0.0038681,
    -0.02011,
    -0.0119162,
    -0.0118773,
    -0.0201106,
    -0.0454278,
    0.01215,
    -0.0210107,
    -0.0480778,
    0.0041407,
    -0.0210107,
    -0.0480777,
    -0.0038686,
    -0.0201106,
    -0.0454274,
    -0.0118779,
    -0.0150266,
    -0.0472415,
    0.0225037,
    -0.0150274,
    -0.0472399,
    -0.0278544,
    -0.0150266,
    -0.0726358,
    0.0225028,
    -0.0150274,
    -0.0726342,
    -0.0278553,
    -0.0106236,
    -0.0726342,
    -0.0278553,
    -0.0106236,
    -0.0472399,
    -0.0278545,
    -0.0106228,
    -0.0726359,
    0.0225027,
    -0.0106229,
    -0.0472416,
    0.0225036,
    -0.0106235,
    -0.0778283,
    -0.0219414,
    -0.0106235,
    -0.0422107,
    -0.0219401,
    -0.0106229,
    -0.0778296,
    0.0165884,
    -0.0106229,
    -0.0422119,
    0.0165896,
    -0.0150273,
    -0.0778283,
    -0.0219413,
    -0.0150273,
    -0.0422107,
    -0.0219401,
    -0.0150267,
    -0.0778296,
    0.0165884,
    -0.0150267,
    -0.0422119,
    0.0165897,
    0.0102081,
    -0.0422124,
    0.0165897,
    0.0102081,
    -0.07783,
    0.0165884,
    0.0102075,
    -0.0422111,
    -0.0219401,
    0.0102075,
    -0.0778288,
    -0.0219413,
    0.0146119,
    -0.0422124,
    0.0165896,
    0.0146119,
    -0.07783,
    0.0165884,
    0.0146113,
    -0.0422111,
    -0.0219401,
    0.0146113,
    -0.0778288,
    -0.0219414,
    0.014612,
    -0.047242,
    0.0225036,
    0.014612,
    -0.0726363,
    0.0225027,
    0.0146112,
    -0.0472403,
    -0.0278545,
    0.0146112,
    -0.0726346,
    -0.0278553,
    0.0102074,
    -0.0726346,
    -0.0278553,
    0.0102082,
    -0.0726363,
    0.0225028,
    0.0102074,
    -0.0472403,
    -0.0278544,
    0.0102082,
    -0.047242,
    0.0225037,
    -0.0183666,
    -0.0726342,
    -0.0278553,
    -0.0183658,
    -0.0726358,
    0.0225028,
    -0.0183666,
    -0.0472399,
    -0.0278544,
    -0.0183658,
    -0.0472415,
    0.0225037,
    0.0176078,
    -0.0726346,
    -0.0278554,
    0.0176078,
    -0.0472403,
    -0.0278545,
    0.0176086,
    -0.0726363,
    0.0225027,
    0.0176086,
    -0.047242,
    0.0225035,
    0.012489,
    0.0116448,
    0.0180959,
    -0.0129053,
    0.0116448,
    0.0180963,
    0.0124889,
    -0.0387132,
    0.0180942,
    -0.0129054,
    -0.0387132,
    0.0180947,
    0.0124888,
    0.0116456,
    -0.0178785,
    0.0124888,
    -0.0387125,
    -0.0178802,
    -0.0129054,
    0.0116456,
    -0.0178781,
    -0.0129055,
    -0.0387125,
    -0.0178798,
    0.0124889,
    0.0116451,
    0.0106955,
    0.0124888,
    -0.038713,
    0.0106938,
    -0.0129054,
    0.011645,
    0.0106959,
    -0.0129055,
    -0.038713,
    0.0106943,
    -0.0129054,
    -0.0387131,
    0.015098,
    0.0124889,
    -0.0387131,
    0.0150976,
    -0.0129053,
    0.0116449,
    0.0150997,
    0.012489,
    0.0116449,
    0.0150992,
    -0.0180994,
    -0.032799,
    0.0150983,
    0.0175183,
    -0.032799,
    0.0150977,
    -0.0180993,
    0.0057308,
    0.0150996,
    0.0175184,
    0.0057308,
    0.015099,
    -0.0180994,
    -0.0327989,
    0.0106946,
    0.0175182,
    -0.0327988,
    0.0106939,
    -0.0180993,
    0.0057309,
    0.0106958,
    0.0175183,
    0.0057309,
    0.0106952,
    0.0175183,
    0.0057313,
    -0.0145396,
    -0.0180993,
    0.0057313,
    -0.014539,
    0.0175182,
    -0.0327984,
    -0.0145409,
    -0.0180994,
    -0.0327984,
    -0.0145402,
    0.0175184,
    0.0057312,
    -0.0101359,
    -0.0180993,
    0.0057312,
    -0.0101352,
    0.0175183,
    -0.0327985,
    -0.0101371,
    -0.0180994,
    -0.0327985,
    -0.0101365,
    0.012489,
    0.0116454,
    -0.0101356,
    -0.0129053,
    0.0116454,
    -0.0101351,
    0.0124889,
    -0.0387127,
    -0.0101372,
    -0.0129054,
    -0.0387127,
    -0.0101368,
    -0.0129055,
    -0.0387126,
    -0.0145406,
    -0.0129054,
    0.0116455,
    -0.0145389,
    0.0124888,
    -0.0387126,
    -0.014541,
    0.0124889,
    0.0116455,
    -0.0145393
  ],