{
  "metadata": {
    "formatVersion": 3
  },
  "materials": [
    {
      "DbgColor": 15658734,
      "DbgIndex": 0,
      "DbgName": "Plastic",
      "colorDiffuse": [
        0.301961,
        0.301961,
        0.301961
      ],
      "colorSpecular": [
        0.401201,
        0.401201,
        0.401201
      ],
      "shading": "Lambert",
      "specularCoef": 50,
      "opacity": 1.0,
      "vertexColors": false
    },
    {
      "DbgColor": 15658734,
      "DbgIndex": 1,
      "DbgName": "ServoMaterial",
      "colorDiffuse": [
        0.14,
        0.14,
        0.14
      ],
      "colorSpecular": [
        0.168737,
        0.168737,
        0.168737
      ],
      "shading": "Lambert",
      "specularCoef": 50,
      "opacity": 1.0,
      "vertexColors": false
    }
  ],
  "normals": [],
  "colors": [],
  "uvs": [],
  "vertices": [
    -0.0156142,
    -0.0115128,
    -0.0201609,
    -0.0156147,
    -0.0373784,
    -0.0201613,
    -0.0116718,
    -0.0403751,
    -0.0201614,
    0.0161002,
    -0.0403756,
    -0.0201614,
    0.0041005,
    -0.0116708,
    -0.0201609,
    0.0089898,
    -0.0072548,
    -0.0201608,
    0.0091477,
    0.004574,
    -0.0201606,
    0.0064666,
    0.0080438,
    -0.0201605,
    -0.0058354,
    0.0080441,
    -0.0201605,
    -0.005993,
    0.0146682,
    -0.0201604,
    0.0102519,
    0.0130908,
    -0.0201605,
    0.0148394,
    0.0107249,
    -0.0201605,
    0.016101,
    0.0073237,
    -0.0201606,
    -0.0156142,
    -0.0115135,
    0.0198856,
    -0.0156147,
    -0.0373791,
    0.0198852,
    -0.0116718,
    -0.0403758,
    0.0198851,
    0.0161002,
    -0.0403763,
    0.0198851,
    0.0041005,
    -0.0116715,
    0.0198856,
    0.0089898,
    -0.0072555,
    0.0198857,
    0.0091477,
    0.0045733,
    0.0198859,
    0.0064666,
    0.0080432,
    0.019886,
    -0.0058354,
    0.0080434,
    0.019886,
    -0.005993,
    0.0146675,
    0.0198861,
    0.0102519,
    0.0130901,
    0.0198861,
    0.0148394,
    0.0107242,
    0.019886,
    0.016101,
    0.007323,
    0.019886,
    0.0161002,
    -0.0403759,
    -0.0001381,
    0.0201096,
    -0.0119169,
    -0.0121516,
    0.0210096,
    -0.0162368,
    -0.0041424,
    0.0210096,
    -0.0162369,
    0.0038669,
    0.0201096,
    -0.0119173,
    0.0118763,
    0.020109,
    -0.0454281,
    -0.0121522,
    0.0210091,
    -0.0480784,
    -0.0041429,
    0.0210091,
    -0.0480785,
    0.0038664,
    0.020109,
    -0.0454285,
    0.0118757,
    0.015025,
    -0.0472413,
    -0.0225059,
    0.0150258,
    -0.0472414,
    0.0278522,
    0.0150241,
    -0.0726356,
    -0.0225059,
    0.0150249,
    -0.0726357,
    0.0278522,
    0.0106211,
    -0.0726355,
    0.0278523,
    0.010622,
    -0.0472412,
    0.0278522,
    0.0106203,
    -0.0726354,
    -0.0225058,
    0.0106212,
    -0.0472412,
    -0.0225058,
    0.0106208,
    -0.0778295,
    0.0219381,
    0.0106221,
    -0.0422118,
    0.0219381,
    0.0106202,
    -0.0778294,
    -0.0165917,
    0.0106215,
    -0.0422117,
    -0.0165917,
    0.0150246,
    -0.0778296,
    0.0219381,
    0.0150258,
    -0.042212,
    0.021938,
    0.015024,
    -0.0778295,
    -0.0165917,
    0.0150252,
    -0.0422119,
    -0.0165917,
    -0.0102096,
    -0.0422114,
    -0.0165917,
    -0.0102108,
    -0.0778291,
    -0.0165917,
    -0.010209,
    -0.0422115,
    0.0219381,
    -0.0102102,
    -0.0778292,
    0.0219381,
    -0.0146133,
    -0.0422113,
    -0.0165917,
    -0.0146146,
    -0.0778289,
    -0.0165917,
    -0.0146128,
    -0.0422114,
    0.0219381,
    -0.014614,
    -0.077829,
    0.0219381,
    -0.0146136,
    -0.0472407,
    -0.0225058,
    -0.0146145,
    -0.072635,
    -0.0225058,
    -0.0146128,
    -0.0472408,
    0.0278522,
    -0.0146137,
    -0.0726351,
    0.0278523,
    -0.0102099,
    -0.0726352,
    0.0278522,
    -0.0102107,
    -0.0726351,
    -0.0225059,
    -0.0102091,
    -0.0472409,
    0.0278522,
    -0.0102098,
    -0.0472408,
    -0.0225059,
    0.0183641,
    -0.0726358,
    0.0278522,
    0.0183633,
    -0.0726357,
    -0.0225059,
    0.018365,
    -0.0472415,
    0.0278521,
    0.0183642,
    -0.0472414,
    -0.0225059,
    -0.0176104,
    -0.072635,
    0.0278523,
    -0.0176095,
    -0.0472407,
    0.0278523,
    -0.0176112,
    -0.0726349,
    -0.0225057,
    -0.0176103,
    -0.0472406,
    -0.0225058,
    -0.0124886,
    0.0116459,
    -0.018096,
    0.0129057,
    0.011645,
    -0.0180965,
    -0.0124903,
    -0.0387122,
    -0.0180961,
    0.012904,
    -0.038713,
    -0.0180966,
    -0.0124884,
    0.0116454,
    0.0178784,
    -0.0124901,
    -0.0387126,
    0.0178783,
    0.0129058,
    0.0116445,
    0.0178779,
    0.0129042,
    -0.0387135,
    0.0178778,
    -0.0124885,
    0.0116459,
    -0.0106956,
    -0.0124902,
    -0.0387122,
    -0.0106957,
    0.0129058,
    0.011645,
    -0.0106961,
    0.0129041,
    -0.0387131,
    -0.0106962,
    0.0129041,
    -0.0387131,
    -0.0150999,
    -0.0124902,
    -0.0387122,
    -0.0150995,
    0.0129057,
    0.011645,
    -0.0150998,
    -0.0124885,
    0.0116459,
    -0.0150994,
    0.0180982,
    -0.0327991,
    -0.0151,
    -0.0175194,
    -0.0327978,
    -0.0150994,
    0.0180995,
    0.0057307,
    -0.0150999,
    -0.0175182,
    0.0057319,
    -0.0150993,
    0.0180983,
    -0.0327991,
    -0.0106963,
    -0.0175194,
    -0.0327979,
    -0.0106956,
    0.0180995,
    0.0057306,
    -0.0106962,
    -0.0175181,
    0.0057319,
    -0.0106955,
    -0.0175181,
    0.0057314,
    0.0145393,
    0.0180995,
    0.0057302,
    0.0145386,
    -0.0175194,
    -0.0327983,
    0.0145392,
    0.0180983,
    -0.0327996,
    0.0145385,
    -0.0175182,
    0.0057315,
    0.0101355,
    0.0180995,
    0.0057302,
    0.0101349,
    -0.0175194,
    -0.0327983,
    0.0101354,
    0.0180982,
    -0.0327995,
    0.0101348,
    -0.0124885,
    0.0116454,
    0.0101354,
    0.0129057,
    0.0116446,
    0.010135,
    -0.0124902,
    -0.0387126,
    0.0101353,
    0.0129041,
    -0.0387135,
    0.0101349,
    0.0129041,
    -0.0387135,
    0.0145386,
    0.0129058,
    0.0116445,
    0.0145387,
    -0.0124902,
    -0.0387126,
    0.0145391,
    -0.0124885,
    0.0116454,
    0.0145392
  ],