{
  "metadata": {
    "formatVersion": 3,
    "materials": 1
  },
  "materials": [
    {
      "DbgColor": 15658734,
      "DbgIndex": 0,
      "DbgName": "ServoMaterial",
      "colorDiffuse": [
        0.14,
        0.14,
        0.14
      ],
      "colorSpecular": [
        0.168737,
        0.168737,
        0.168737
      ],
      "shading": "Lambert",
      "specularCoef": 50,
      "opacity": 1.0,
      "vertexColors": false
    }
  ],
  "normals": [],
  "colors": [],
  "uvs": [],
  "morphTargets": [],
  "vertices": [
    0.0180435,
    -0.0121964,
    0.0214744,
    0.0180442,
    -0.0122006,
    -0.0191612,
    -0.0175735,
    -0.0121994,
    -0.0191612,
    -0.0175742,
    -0.0121951,
    0.0214745,
    0.0180458,
    0.0384658,
    -0.0141346,
    -0.0175718,
    0.0384671,
    -0.0141346,
    -0.017572,
    0.0268712,
    -0.0268364,
    -0.0175714,
    0.0268675,
    -0.0618517,
    0.0180463,
    0.0268663,
    -0.0618511,
    0.0180457,
    0.0268699,
    -0.0268358,
    -0.0175731,
    -0.0063734,
    -0.0268329,
    -0.0175725,
    -0.0063771,
    -0.0618482,
    0.0180451,
    -0.0063783,
    -0.0618476,
    0.0180445,
    -0.0063747,
    -0.0268323,
    0.0180443,
    0.0122078,
    0.0214719,
    -0.0175733,
    0.012209,
    0.0214719,
    -0.0175733,
    0.0122086,
    0.0173243,
    0.0180444,
    0.0122073,
    0.0173243,
    0.0155883,
    0.0384659,
    -0.0141344,
    -0.0151072,
    0.038467,
    -0.0141347,
    -0.0151073,
    0.0122085,
    0.0173242,
    0.0155882,
    0.0122074,
    0.0173245,
    -0.0151072,
    0.0122079,
    0.0113894,
    0.0155883,
    0.0122068,
    0.01139,
    0.015589,
    0.0324513,
    0.0113879,
    -0.0151065,
    0.0324524,
    0.0113873,
    -0.0151059,
    0.0324492,
    -0.0190551,
    0.0155895,
    0.0324481,
    -0.0190548,
    0.0180457,
    0.032448,
    -0.0190548,
    -0.0175719,
    0.0324493,
    -0.0190552,
    0.0155889,
    0.0324519,
    0.0173224,
    0.0180451,
    0.0324518,
    0.0173222,
    -0.0175726,
    0.0324531,
    0.0173222,
    -0.0151066,
    0.032453,
    0.017322,
    0.0180454,
    0.0384685,
    0.0113873,
    0.015589,
    0.0384686,
    0.0113872,
    -0.0151065,
    0.0384696,
    0.0113867,
    -0.0175722,
    0.0384697,
    0.0113866,
    -0.0175719,
    0.0268709,
    -0.0296622,
    -0.0175714,
    0.0268678,
    -0.0590251,
    0.0180462,
    0.0268666,
    -0.0590245,
    0.0180457,
    0.0268697,
    -0.0296616,
    -0.0175731,
    -0.0063737,
    -0.0296588,
    -0.0175726,
    -0.0063768,
    -0.0590216,
    0.0180451,
    -0.006378,
    -0.059021,
    0.0180445,
    -0.006375,
    -0.0296581,
    -0.0125418,
    0.0326944,
    -0.0590256,
    -0.0125423,
    0.0326975,
    -0.0296628,
    0.012852,
    0.0326966,
    -0.0296623,
    0.0128525,
    0.0326935,
    -0.0590252,
    -0.0125434,
    -0.0122037,
    -0.0590209,
    -0.0125439,
    -0.0122006,
    -0.0296581,
    0.0128504,
    -0.0122015,
    -0.0296576,
    0.0128509,
    -0.0122046,
    -0.0590205,
    0.012851,
    -0.0122049,
    -0.0618471,
    0.0128504,
    -0.0122012,
    -0.0268318,
    0.0128525,
    0.0326932,
    -0.0618518,
    0.0128519,
    0.0326969,
    -0.0268365,
    -0.0125433,
    -0.012204,
    -0.0618475,
    -0.0125417,
    0.0326941,
    -0.0618522,
    -0.0125424,
    0.0326978,
    -0.026837,
    -0.0125439,
    -0.0122003,
    -0.0268323,
    -0.0097551,
    0.0087803,
    -0.0157662,
    -0.0097549,
    0.0087788,
    -0.0307525,
    -0.0097547,
    0.0147396,
    -0.0307532,
    -0.0097549,
    0.0147411,
    -0.0157668,
    0.0100627,
    0.0087796,
    -0.0157659,
    0.010063,
    0.008778,
    -0.0307522,
    0.0100632,
    0.0147388,
    -0.0307528,
    0.0100629,
    0.0147404,
    -0.0157665,
    0.0100635,
    0.0318247,
    -0.0157683,
    0.0100637,
    0.0318232,
    -0.0307546,
    0.0100635,
    0.0258624,
    -0.030754,
    0.0100633,
    0.0258639,
    -0.0157676,
    -0.0097544,
    0.0318255,
    -0.0157686,
    -0.0097541,
    0.0318239,
    -0.030755,
    -0.0097543,
    0.0258631,
    -0.0307543,
    -0.0097546,
    0.0258647,
    -0.015768
  ],