{
  "metadata": {
    "formatVersion": 3
  },
  "materials": [
    {
      "DbgColor": 15658731,
      "DbgIndex": 0,
      "DbgName": "Plastic",
      "colorDiffuse": [
        0.301961,
        0.301961,
        0.301961
      ],
      "colorSpecular": [
        0.401201,
        0.401201,
        0.401201
      ],
      "shading": "Lambert",
      "specularCoef": 50,
      "opacity": 1.0,
      "vertexColors": false
    },
    {
      "DbgColor": 15658734,
      "DbgIndex": 1,
      "DbgName": "Metal",
      "colorDiffuse": [
        0.7,
        0.7,
        0.7
      ],
      "colorSpecular": [
        0.168737,
        0.168737,
        0.168737
      ],
      "shading": "Lambert",
      "specularCoef": 50,
      "opacity": 1.0,
      "vertexColors": false
    }
  ],
  "normals": [],
  "colors": [],
  "uvs": [],
  "vertices": [
    -0.0087402,
    0.0067738,
    0.0246943,
    -0.0087402,
    -0.0101185,
    0.0246961,
    -0.0002941,
    -0.0136169,
    0.024697,
    0.008152,
    -0.0101184,
    0.0246972,
    0.0116505,
    -0.0016379,
    0.0246966,
    0.008152,
    0.0067738,
    0.0246955,
    -0.0002941,
    0.0102723,
    0.0246945,
    -0.0087401,
    0.0067735,
    0.0225305,
    -0.0122386,
    -0.0016381,
    0.0225311,
    -0.0087401,
    -0.0101187,
    0.0225322,
    -0.000294,
    -0.0136172,
    0.0225332,
    0.0081521,
    -0.0101187,
    0.0225334,
    0.0116506,
    -0.0016381,
    0.0225328,
    0.0081521,
    0.0067735,
    0.0225316,
    -0.000294,
    0.010272,
    0.0225307,
    -0.0002906,
    0.010267,
    -0.0258945,
    0.0081555,
    0.0067685,
    -0.0258936,
    0.011654,
    -0.0016432,
    -0.0258925,
    0.0081555,
    -0.0101237,
    -0.0258918,
    -0.0002906,
    -0.0136222,
    -0.025892,
    -0.0087367,
    -0.0101237,
    -0.025893,
    -0.0122352,
    -0.0016432,
    -0.0258941,
    -0.0087367,
    0.0067685,
    -0.0258948,
    -0.0002907,
    0.0102672,
    -0.0238477,
    0.0081554,
    0.0067687,
    -0.0238467,
    0.0116539,
    -0.001643,
    -0.0238456,
    0.0081554,
    -0.0101235,
    -0.0238449,
    -0.0002907,
    -0.013622,
    -0.0238452,
    -0.0087369,
    -0.0101235,
    -0.0238461,
    -0.0087369,
    0.0067687,
    -0.0238479,
    0.0105403,
    -0.0309114,
    0.0262598,
    0.0105438,
    -0.0309167,
    -0.0238425,
    -0.0112658,
    -0.0309114,
    0.0262583,
    -0.0112623,
    -0.0309167,
    -0.023844,
    -0.0112624,
    -0.0295248,
    -0.0223178,
    -0.0112657,
    -0.0295198,
    0.024698,
    0.0105404,
    -0.0295198,
    0.0246995,
    0.0105437,
    -0.0295248,
    -0.0223163,
    0.0105436,
    -0.0016428,
    -0.0223194,
    0.0105404,
    -0.0016379,
    0.0246965,
    -0.0112658,
    -0.0016379,
    0.024695,
    -0.0112625,
    -0.0016428,
    -0.0223209,
    -0.0112624,
    -0.001643,
    -0.0238472,
    -0.0112659,
    -0.0016377,
    0.0262551,
    0.0105403,
    -0.0016377,
    0.0262567,
    0.0105437,
    -0.001643,
    -0.0238457,
    -0.003267,
    0.0013025,
    -0.0264138,
    -0.0044998,
    -0.0016546,
    -0.0264136,
    -0.003267,
    -0.0046503,
    -0.0264132,
    -0.0002906,
    -0.0058831,
    -0.0264128,
    0.0026858,
    -0.0046503,
    -0.0264128,
    0.0039187,
    -0.0016546,
    -0.026413,
    0.0026858,
    0.0013025,
    -0.0264134,
    -0.0002906,
    0.0025354,
    -0.0264137,
    -0.0002943,
    0.0025409,
    0.0266983,
    0.0026821,
    0.0013081,
    0.0266986,
    0.003915,
    -0.0016491,
    0.026699,
    0.0026821,
    -0.0046447,
    0.0266992,
    -0.0002943,
    -0.0058776,
    0.0266991,
    -0.0032707,
    -0.0046447,
    0.0266988,
    -0.0045035,
    -0.0016491,
    0.0266984,
    -0.0032707,
    0.0013081,
    0.0266982,
    -0.0221594,
    -0.0182954,
    -0.0532328,
    0.0440031,
    -0.0182966,
    -0.0532305,
    0.0440028,
    -0.0335107,
    -0.0532297,
    -0.0221597,
    -0.0335494,
    -0.053232,
    -0.0145455,
    -0.0335441,
    0.0507272,
    0.0376511,
    -0.0335051,
    0.0503662,
    0.0376513,
    -0.0238991,
    0.0503657,
    -0.0145454,
    -0.0238982,
    0.0507267,
    -0.022162,
    -0.0182915,
    0.0211815,
    0.0440005,
    -0.0182927,
    0.0211838,
    -0.0075757,
    -0.0335441,
    0.0521784,
    0.0298263,
    -0.0335448,
    0.0521797,
    0.0298265,
    -0.0238989,
    0.0521792,
    -0.0075755,
    -0.0238982,
    0.0521779,
    -0.0221629,
    -0.0226602,
    0.0447686,
    0.0439996,
    -0.0226613,
    0.0447709,
    -0.0221631,
    -0.0335044,
    0.0447691,
    0.0439994,
    -0.0335055,
    0.0447714
  ],